frame_idx,obj_id,tip_x,tip_y,base_x,base_y
0,1,905.0,571.0,1599.0,895.0
0,2,672.0,544.0,90.0,60.0
1,1,905.0,572.0,1599.0,896.0
1,2,671.0,546.0,89.0,60.0
2,1,905.0,572.0,1599.0,896.0
2,2,672.0,546.0,90.0,62.0
3,1,905.0,573.0,1599.0,896.0
3,2,672.0,546.0,88.0,60.0
4,1,905.0,573.0,1599.0,896.0
4,2,672.0,545.0,89.0,58.0
5,1,906.0,571.0,1599.0,895.0
5,2,672.0,545.0,90.0,60.0
6,1,907.0,569.0,1599.0,895.0
6,2,672.0,544.0,89.0,59.0
7,1,906.0,571.0,1599.0,894.0
7,2,672.0,544.0,89.0,59.0
8,1,906.0,571.0,1599.0,894.0
8,2,671.0,545.0,90.0,58.0
9,1,906.0,571.0,1599.0,894.0
9,2,672.0,543.0,88.0,59.0
10,1,906.0,570.0,1599.0,895.0
10,2,672.0,543.0,90.0,59.0
11,1,904.0,574.0,1599.0,895.0
11,2,672.0,544.0,90.0,58.0
12,1,904.0,574.0,1599.0,895.0
12,2,672.0,544.0,88.0,58.0
13,1,904.0,574.0,1599.0,895.0
13,2,672.0,544.0,89.0,58.0
14,1,905.0,572.0,1599.0,895.0
14,2,671.0,545.0,90.0,58.0
15,1,905.0,573.0,1599.0,896.0
15,2,672.0,543.0,89.0,58.0
16,1,905.0,573.0,1599.0,896.0
16,2,672.0,543.0,90.0,58.0
17,1,905.0,574.0,1599.0,896.0
17,2,672.0,543.0,90.0,59.0
18,1,905.0,574.0,1599.0,896.0
18,2,672.0,543.0,90.0,58.0
19,1,905.0,574.0,1599.0,896.0
19,2,672.0,543.0,88.0,60.0
20,1,906.0,572.0,1599.0,896.0
20,2,672.0,542.0,89.0,58.0
21,1,905.0,574.0,1599.0,896.0
21,2,671.0,544.0,88.0,58.0
22,1,905.0,573.0,1599.0,896.0
22,2,672.0,542.0,89.0,58.0
23,1,904.0,575.0,1599.0,896.0
23,2,671.0,544.0,89.0,58.0
24,1,905.0,573.0,1599.0,896.0
24,2,671.0,544.0,89.0,58.0
25,1,905.0,573.0,1599.0,896.0
25,2,671.0,544.0,88.0,58.0
26,1,906.0,572.0,1599.0,895.0
26,2,671.0,544.0,89.0,58.0
27,1,906.0,573.0,1599.0,896.0
27,2,672.0,542.0,88.0,60.0
28,1,906.0,573.0,1599.0,896.0
28,2,672.0,542.0,90.0,59.0
29,1,906.0,573.0,1599.0,895.0
29,2,672.0,541.0,88.0,58.0
30,1,906.0,573.0,1599.0,895.0
30,2,672.0,541.0,88.0,59.0
31,1,906.0,573.0,1599.0,897.0
31,2,672.0,541.0,90.0,59.0
32,1,905.0,574.0,1599.0,896.0
32,2,672.0,542.0,90.0,57.0
33,1,905.0,574.0,1599.0,897.0
33,2,672.0,543.0,90.0,58.0
34,1,905.0,573.0,1599.0,897.0
34,2,672.0,543.0,89.0,58.0
35,1,905.0,573.0,1599.0,897.0
35,2,672.0,543.0,90.0,61.0
36,1,904.0,575.0,1599.0,897.0
36,2,672.0,542.0,90.0,58.0
37,1,904.0,575.0,1599.0,897.0
37,2,672.0,542.0,89.0,59.0
38,1,905.0,573.0,1599.0,897.0
38,2,671.0,543.0,91.0,60.0
39,1,905.0,573.0,1599.0,896.0
39,2,672.0,542.0,90.0,59.0
40,1,905.0,573.0,1599.0,896.0
40,2,671.0,544.0,90.0,59.0
41,1,904.0,574.0,1599.0,897.0
41,2,671.0,544.0,90.0,59.0
42,1,904.0,574.0,1599.0,897.0
42,2,672.0,543.0,90.0,60.0
43,1,903.0,574.0,1599.0,899.0
43,2,672.0,543.0,90.0,58.0
44,1,903.0,573.0,1599.0,898.0
44,2,671.0,544.0,89.0,59.0
45,1,902.0,574.0,1599.0,899.0
45,2,671.0,544.0,88.0,58.0
46,1,902.0,573.0,1599.0,900.0
46,2,671.0,544.0,88.0,59.0
47,1,901.0,575.0,1599.0,899.0
47,2,671.0,545.0,87.0,59.0
48,1,901.0,574.0,1599.0,899.0
48,2,671.0,546.0,87.0,58.0
49,1,901.0,575.0,1599.0,899.0
49,2,672.0,546.0,87.0,59.0
50,1,901.0,575.0,1599.0,900.0
50,2,671.0,548.0,87.0,62.0
51,1,902.0,573.0,1599.0,899.0
51,2,671.0,548.0,84.0,59.0
52,1,902.0,574.0,1599.0,899.0
52,2,671.0,548.0,84.0,59.0
53,1,902.0,574.0,1599.0,898.0
53,2,671.0,548.0,84.0,62.0
54,1,902.0,574.0,1599.0,898.0
54,2,670.0,549.0,84.0,61.0
55,1,902.0,573.0,1599.0,898.0
55,2,671.0,547.0,84.0,58.0
56,1,902.0,573.0,1599.0,898.0
56,2,672.0,546.0,86.0,62.0
57,1,902.0,572.0,1599.0,898.0
57,2,671.0,548.0,84.0,58.0
58,1,902.0,571.0,1599.0,898.0
58,2,673.0,546.0,86.0,60.0
59,1,900.0,574.0,1599.0,898.0
59,2,672.0,548.0,84.0,58.0
60,1,900.0,573.0,1599.0,897.0
60,2,671.0,549.0,86.0,61.0
61,1,899.0,574.0,1599.0,898.0
61,2,671.0,549.0,86.0,62.0
62,1,899.0,573.0,1599.0,898.0
62,2,672.0,547.0,86.0,62.0
63,1,898.0,575.0,1599.0,899.0
63,2,672.0,548.0,87.0,61.0
64,1,896.0,579.0,1599.0,900.0
64,2,672.0,548.0,87.0,59.0
65,1,896.0,578.0,1599.0,900.0
65,2,672.0,548.0,88.0,61.0
66,1,896.0,578.0,1599.0,900.0
66,2,672.0,548.0,88.0,62.0
67,1,897.0,575.0,1599.0,900.0
67,2,672.0,548.0,87.0,60.0
68,1,898.0,574.0,1599.0,898.0
68,2,673.0,547.0,88.0,62.0
69,1,900.0,570.0,1599.0,896.0
69,2,672.0,549.0,86.0,62.0
70,1,903.0,565.0,1599.0,894.0
70,2,673.0,548.0,85.0,60.0
71,1,907.0,559.0,1599.0,887.0
71,2,674.0,548.0,88.0,62.0
72,1,914.0,548.0,1599.0,876.0
72,2,675.0,550.0,87.0,62.0
73,1,924.0,533.0,1599.0,862.0
73,2,676.0,552.0,84.0,63.0
74,1,937.0,510.0,1599.0,841.0
74,2,678.0,556.0,84.0,60.0
75,1,953.0,486.0,1599.0,818.0
75,2,680.0,563.0,84.0,67.0
76,1,971.0,461.0,1599.0,795.0
76,2,683.0,571.0,83.0,67.0
77,1,990.0,436.0,1599.0,770.0
77,2,686.0,582.0,83.0,70.0
78,1,1012.0,405.0,1599.0,736.0
78,2,691.0,592.0,78.0,71.0
79,1,1036.0,375.0,1599.0,709.0
79,2,695.0,602.0,80.0,79.0
80,1,1056.0,352.0,1599.0,682.0
80,2,697.0,614.0,82.0,86.0
81,1,1075.0,330.0,1599.0,655.0
81,2,700.0,625.0,77.0,86.0
82,1,1094.0,305.0,1599.0,630.0
82,2,702.0,638.0,77.0,86.0
83,1,1110.0,284.0,1599.0,603.0
83,2,706.0,648.0,75.0,92.0
84,1,1122.0,269.0,1599.0,590.0
84,2,709.0,656.0,76.0,97.0
85,1,1131.0,257.0,1599.0,577.0
85,2,713.0,662.0,73.0,100.0
86,1,1136.0,251.0,1599.0,566.0
86,2,715.0,667.0,73.0,102.0
87,1,1140.0,245.0,1599.0,560.0
87,2,715.0,674.0,70.0,103.0
88,1,1144.0,239.0,1599.0,556.0
88,2,716.0,681.0,69.0,106.0
89,1,1144.0,239.0,1599.0,555.0
89,2,716.0,690.0,65.0,110.0
90,1,1145.0,236.0,1599.0,555.0
90,2,718.0,697.0,65.0,110.0
91,1,1144.0,236.0,1599.0,556.0
91,2,719.0,705.0,61.0,118.0
92,1,1142.0,237.0,1599.0,556.0
92,2,720.0,714.0,59.0,121.0
93,1,1141.0,237.0,1599.0,558.0
93,2,721.0,725.0,57.0,126.0
94,1,1141.0,236.0,1599.0,556.0
94,2,721.0,738.0,52.0,124.0
95,1,1141.0,236.0,1599.0,557.0
95,2,722.0,751.0,51.0,127.0
96,1,1144.0,232.0,1599.0,554.0
96,2,721.0,766.0,50.0,139.0
97,1,1147.0,229.0,1599.0,550.0
97,2,721.0,779.0,47.0,143.0
98,1,1149.0,227.0,1599.0,545.0
98,2,721.0,791.0,48.0,153.0
99,1,1153.0,223.0,1599.0,542.0
99,2,721.0,800.0,40.0,158.0
100,1,1155.0,222.0,1599.0,539.0
100,2,721.0,808.0,40.0,161.0
101,1,1156.0,222.0,1599.0,536.0
101,2,719.0,817.0,34.0,166.0
102,1,1158.0,220.0,1599.0,535.0
102,2,718.0,822.0,36.0,166.0
103,1,1159.0,219.0,1599.0,534.0
103,2,719.0,821.0,34.0,166.0
104,1,1157.0,221.0,1599.0,535.0
104,2,718.0,820.0,33.0,162.0
105,1,1156.0,222.0,1599.0,538.0
105,2,717.0,818.0,28.0,162.0
106,1,1153.0,224.0,1599.0,541.0
106,2,714.0,817.0,31.0,161.0
107,1,1150.0,226.0,1599.0,545.0
107,2,712.0,815.0,29.0,162.0
108,1,1147.0,228.0,1599.0,549.0
108,2,709.0,813.0,29.0,165.0
109,1,1145.0,229.0,1599.0,553.0
109,2,708.0,808.0,30.0,165.0
110,1,1141.0,233.0,1599.0,557.0
110,2,706.0,805.0,29.0,166.0
111,1,1137.0,237.0,1599.0,564.0
111,2,703.0,804.0,28.0,163.0
112,1,1132.0,244.0,1599.0,572.0
112,2,704.0,799.0,30.0,166.0
113,1,1127.0,252.0,1599.0,583.0
113,2,702.0,799.0,28.0,165.0
114,1,1124.0,260.0,1599.0,590.0
114,2,702.0,795.0,26.0,162.0
115,1,1120.0,267.0,1599.0,598.0
115,2,703.0,791.0,28.0,162.0
116,1,1115.0,276.0,1599.0,605.0
116,2,703.0,789.0,26.0,161.0
117,1,1110.0,284.0,1599.0,615.0
117,2,703.0,785.0,29.0,160.0
118,1,1104.0,293.0,1599.0,626.0
118,2,704.0,780.0,32.0,161.0
119,1,1097.0,302.0,1599.0,638.0
119,2,705.0,775.0,28.0,156.0
120,1,1086.0,316.0,1599.0,652.0
120,2,708.0,766.0,32.0,156.0
121,1,1077.0,326.0,1599.0,668.0
121,2,709.0,761.0,33.0,151.0
122,1,1069.0,336.0,1599.0,683.0
122,2,712.0,752.0,36.0,148.0
123,1,1058.0,349.0,1599.0,698.0
123,2,716.0,743.0,34.0,141.0
124,1,1045.0,363.0,1599.0,716.0
124,2,721.0,732.0,39.0,135.0
125,1,1027.0,382.0,1599.0,739.0
125,2,726.0,723.0,41.0,130.0
126,1,1005.0,403.0,1599.0,764.0
126,2,732.0,714.0,43.0,124.0
127,1,985.0,421.0,1599.0,793.0
127,2,739.0,705.0,46.0,119.0
128,1,963.0,443.0,1599.0,822.0
128,2,746.0,697.0,50.0,113.0
129,1,946.0,460.0,1599.0,847.0
129,2,758.0,686.0,55.0,109.0
130,1,926.0,480.0,1599.0,873.0
130,2,767.0,681.0,59.0,103.0
131,1,907.0,499.0,1599.0,898.0
131,2,778.0,676.0,62.0,100.0
132,1,890.0,511.0,1599.0,918.0
132,2,788.0,672.0,65.0,98.0
133,1,873.0,522.0,1599.0,936.0
133,2,797.0,670.0,65.0,93.0
134,1,859.0,531.0,1599.0,952.0
134,2,811.0,662.0,68.0,91.0
135,1,843.0,541.0,1599.0,968.0
135,2,819.0,661.0,69.0,86.0
136,1,831.0,547.0,1599.0,984.0
136,2,828.0,660.0,71.0,86.0
137,1,821.0,553.0,1599.0,997.0
137,2,837.0,658.0,70.0,87.0
138,1,813.0,557.0,1599.0,1007.0
138,2,846.0,656.0,71.0,84.0
139,1,805.0,561.0,1599.0,1020.0
139,2,853.0,658.0,71.0,84.0
140,1,797.0,567.0,1599.0,1032.0
140,2,859.0,659.0,70.0,85.0
141,1,787.0,569.0,1599.0,1042.0
141,2,864.0,657.0,71.0,84.0
142,1,786.0,564.0,1599.0,1049.0
142,2,871.0,650.0,75.0,82.0
143,1,787.0,559.0,1599.0,1057.0
143,2,877.0,644.0,75.0,79.0
144,1,786.0,555.0,1599.0,1063.0
144,2,879.0,643.0,76.0,78.0
145,1,788.0,550.0,1599.0,1069.0
145,2,884.0,636.0,78.0,74.0
146,1,794.0,546.0,1599.0,1075.0
146,2,888.0,630.0,80.0,72.0
147,1,790.0,541.0,1599.0,1074.0
147,2,888.0,629.0,79.0,71.0
148,1,786.0,530.0,1599.0,1068.0
148,2,888.0,626.0,77.0,67.0
149,1,786.0,520.0,1599.0,1069.0
149,2,890.0,616.0,78.0,63.0
150,1,790.0,512.0,1599.0,1067.0
150,2,893.0,605.0,85.0,63.0
151,1,793.0,504.0,1599.0,1071.0
151,2,895.0,597.0,90.0,59.0
152,1,791.0,503.0,1599.0,1071.0
152,2,894.0,593.0,89.0,57.0
153,1,793.0,499.0,1599.0,1070.0
153,2,894.0,588.0,90.0,58.0
154,1,795.0,491.0,1599.0,1064.0
154,2,892.0,584.0,90.0,55.0
155,1,796.0,487.0,1599.0,1058.0
155,2,890.0,580.0,90.0,52.0
156,1,799.0,484.0,1599.0,1058.0
156,2,887.0,575.0,88.0,52.0
157,1,805.0,476.0,1599.0,1052.0
157,2,880.0,576.0,86.0,53.0
158,1,814.0,466.0,1599.0,1048.0
158,2,872.0,579.0,82.0,54.0
159,1,821.0,459.0,1599.0,1034.0
159,2,867.0,579.0,78.0,56.0
160,1,832.0,448.0,1599.0,1022.0
160,2,862.0,579.0,80.0,58.0
161,1,845.0,436.0,1599.0,1005.0
161,2,854.0,585.0,77.0,62.0
162,1,859.0,424.0,1599.0,988.0
162,2,850.0,585.0,73.0,63.0
163,1,870.0,416.0,1599.0,980.0
163,2,844.0,590.0,74.0,69.0
164,1,878.0,411.0,1599.0,966.0
164,2,840.0,593.0,70.0,72.0
165,1,887.0,405.0,1599.0,957.0
165,2,838.0,594.0,70.0,72.0
166,1,894.0,401.0,1599.0,950.0
166,2,837.0,594.0,71.0,73.0
167,1,899.0,401.0,1599.0,942.0
167,2,834.0,597.0,69.0,74.0
168,1,906.0,397.0,1599.0,936.0
168,2,831.0,601.0,67.0,77.0
169,1,911.0,395.0,1599.0,928.0
169,2,828.0,604.0,67.0,79.0
170,1,915.0,393.0,1599.0,927.0
170,2,827.0,604.0,65.0,77.0
171,1,913.0,396.0,1599.0,928.0
171,2,826.0,602.0,65.0,77.0
172,1,913.0,397.0,1599.0,931.0
172,2,824.0,602.0,65.0,77.0
173,1,912.0,397.0,1599.0,932.0
173,2,821.0,603.0,64.0,77.0
174,1,909.0,400.0,1599.0,934.0
174,2,818.0,602.0,65.0,77.0
175,1,906.0,404.0,1599.0,940.0
175,2,816.0,598.0,63.0,77.0
176,1,905.0,405.0,1599.0,943.0
176,2,810.0,597.0,65.0,77.0
177,1,904.0,406.0,1599.0,945.0
177,2,806.0,592.0,65.0,77.0
178,1,902.0,409.0,1599.0,946.0
178,2,802.0,587.0,63.0,77.0
179,1,902.0,410.0,1599.0,945.0
179,2,797.0,584.0,64.0,77.0
180,1,898.0,416.0,1599.0,948.0
180,2,790.0,581.0,63.0,77.0
181,1,897.0,418.0,1599.0,953.0
181,2,783.0,576.0,64.0,76.0
182,1,896.0,421.0,1599.0,958.0
182,2,774.0,573.0,63.0,76.0
183,1,895.0,424.0,1599.0,958.0
183,2,767.0,565.0,62.0,76.0
184,1,893.0,429.0,1599.0,962.0
184,2,760.0,554.0,64.0,72.0
185,1,892.0,433.0,1599.0,964.0
185,2,753.0,545.0,64.0,68.0
186,1,894.0,435.0,1599.0,965.0
186,2,745.0,536.0,65.0,69.0
187,1,894.0,439.0,1599.0,964.0
187,2,735.0,531.0,64.0,68.0
188,1,894.0,445.0,1599.0,966.0
188,2,729.0,518.0,67.0,63.0
189,1,893.0,452.0,1599.0,971.0
189,2,723.0,506.0,70.0,58.0
190,1,891.0,461.0,1599.0,976.0
190,2,719.0,494.0,71.0,58.0
191,1,891.0,466.0,1599.0,979.0
191,2,715.0,482.0,75.0,53.0
192,1,887.0,476.0,1599.0,982.0
192,2,712.0,471.0,82.0,49.0
193,1,888.0,480.0,1599.0,989.0
193,2,709.0,460.0,82.0,44.0
194,1,884.0,489.0,1599.0,993.0
194,2,709.0,445.0,87.0,40.0
195,1,880.0,498.0,1599.0,1000.0
195,2,710.0,433.0,93.0,34.0
196,1,877.0,505.0,1599.0,1007.0
196,2,713.0,424.0,100.0,29.0
197,1,868.0,518.0,1599.0,1018.0
197,2,716.0,419.0,102.0,24.0
198,1,860.0,530.0,1599.0,1024.0
198,2,721.0,413.0,110.0,24.0
199,1,854.0,537.0,1599.0,1033.0
199,2,729.0,405.0,115.0,20.0
200,1,847.0,545.0,1599.0,1041.0
200,2,733.0,404.0,119.0,17.0
201,1,839.0,555.0,1599.0,1049.0
201,2,738.0,402.0,122.0,15.0
202,1,831.0,564.0,1599.0,1057.0
202,2,742.0,398.0,128.0,11.0
203,1,822.0,573.0,1599.0,1074.0
203,2,750.0,387.0,134.0,8.0
204,1,813.0,582.0,1599.0,1083.0
204,2,755.0,381.0,143.0,0.0
205,1,806.0,589.0,1599.0,1087.0
205,2,760.0,374.0,145.0,0.0
206,1,802.0,592.0,1599.0,1091.0
206,2,765.0,367.0,152.0,0.0
207,1,796.0,598.0,1599.0,1092.0
207,2,768.0,363.0,162.0,0.0
208,1,791.0,602.0,1599.0,1099.0
208,2,771.0,357.0,170.0,0.0
209,1,784.0,607.0,1599.0,1101.0
209,2,777.0,351.0,181.0,0.0
210,1,775.0,615.0,1599.0,1106.0
210,2,784.0,348.0,191.0,0.0
211,1,766.0,621.0,1599.0,1107.0
211,2,789.0,349.0,196.0,0.0
212,1,760.0,623.0,1583.0,1103.0
212,2,796.0,349.0,201.0,0.0
213,1,753.0,627.0,1581.0,1103.0
213,2,803.0,351.0,205.0,0.0
214,1,746.0,631.0,1576.0,1108.0
214,2,811.0,354.0,207.0,0.0
215,1,739.0,634.0,1573.0,1115.0
215,2,817.0,358.0,211.0,0.0
216,1,733.0,635.0,1569.0,1115.0
216,2,827.0,359.0,216.0,0.0
217,1,727.0,633.0,1572.0,1117.0
217,2,836.0,363.0,219.0,0.0
218,1,720.0,634.0,1571.0,1120.0
218,2,844.0,370.0,216.0,0.0
219,1,716.0,631.0,1570.0,1118.0
219,2,850.0,377.0,216.0,0.0
220,1,713.0,629.0,1571.0,1122.0
220,2,857.0,380.0,214.0,0.0
221,1,713.0,624.0,1572.0,1118.0
221,2,861.0,386.0,213.0,0.0
222,1,713.0,621.0,1573.0,1119.0
222,2,867.0,388.0,214.0,0.0
223,1,715.0,615.0,1575.0,1117.0
223,2,871.0,393.0,212.0,0.0
224,1,715.0,612.0,1574.0,1113.0
224,2,873.0,400.0,204.0,0.0
225,1,720.0,602.0,1578.0,1108.0
225,2,875.0,406.0,200.0,0.0
226,1,721.0,597.0,1583.0,1103.0
226,2,876.0,415.0,190.0,0.0
227,1,722.0,592.0,1599.0,1113.0
227,2,877.0,425.0,185.0,0.0
228,1,725.0,585.0,1599.0,1100.0
228,2,878.0,434.0,174.0,0.0
229,1,726.0,580.0,1599.0,1108.0
229,2,881.0,441.0,172.0,0.0
230,1,724.0,579.0,1592.0,1099.0
230,2,882.0,449.0,167.0,0.0
231,1,723.0,578.0,1599.0,1105.0
231,2,884.0,459.0,163.0,0.0
232,1,722.0,574.0,1599.0,1108.0
232,2,887.0,467.0,157.0,0.0
233,1,715.0,575.0,1599.0,1105.0
233,2,890.0,476.0,153.0,0.0
234,1,706.0,577.0,1599.0,1101.0
234,2,892.0,485.0,150.0,6.0
235,1,700.0,577.0,1592.0,1102.0
235,2,896.0,490.0,148.0,4.0
236,1,696.0,577.0,1593.0,1104.0
236,2,899.0,494.0,146.0,6.0
237,1,696.0,573.0,1594.0,1103.0
237,2,902.0,498.0,145.0,6.0
238,1,696.0,569.0,1599.0,1100.0
238,2,904.0,503.0,148.0,7.0
239,1,696.0,566.0,1593.0,1103.0
239,2,907.0,507.0,150.0,8.0
240,1,697.0,561.0,1590.0,1099.0
240,2,910.0,510.0,145.0,7.0
241,1,697.0,559.0,1599.0,1106.0
241,2,913.0,513.0,147.0,10.0
242,1,701.0,551.0,1594.0,1096.0
242,2,916.0,515.0,150.0,11.0
243,1,702.0,548.0,1599.0,1103.0
243,2,917.0,520.0,143.0,9.0
244,1,706.0,542.0,1599.0,1096.0
244,2,920.0,522.0,144.0,8.0
245,1,709.0,538.0,1599.0,1097.0
245,2,922.0,524.0,145.0,13.0
246,1,711.0,536.0,1599.0,1094.0
246,2,924.0,527.0,143.0,12.0
247,1,715.0,530.0,1599.0,1088.0
247,2,926.0,529.0,142.0,14.0
248,1,718.0,527.0,1599.0,1087.0
248,2,927.0,533.0,144.0,15.0
249,1,722.0,521.0,1599.0,1083.0
249,2,928.0,536.0,144.0,15.0
250,1,729.0,514.0,1599.0,1079.0
250,2,928.0,541.0,143.0,16.0
251,1,733.0,508.0,1599.0,1074.0
251,2,931.0,543.0,140.0,17.0
252,1,737.0,504.0,1599.0,1066.0
252,2,931.0,542.0,140.0,17.0
253,1,740.0,502.0,1599.0,1062.0
253,2,925.0,544.0,140.0,20.0
254,1,744.0,499.0,1599.0,1061.0
254,2,924.0,550.0,139.0,18.0
255,1,751.0,492.0,1599.0,1056.0
255,2,931.0,551.0,140.0,20.0
256,1,755.0,489.0,1599.0,1053.0
256,2,933.0,555.0,138.0,21.0
257,1,760.0,485.0,1599.0,1043.0
257,2,933.0,559.0,138.0,22.0
258,1,765.0,480.0,1599.0,1042.0
258,2,934.0,560.0,135.0,22.0
259,1,771.0,475.0,1599.0,1036.0
259,2,933.0,559.0,135.0,25.0
260,1,772.0,476.0,1599.0,1034.0
260,2,932.0,559.0,132.0,21.0
261,1,776.0,475.0,1599.0,1031.0
261,2,932.0,559.0,132.0,20.0
262,1,780.0,482.0,1599.0,1026.0
262,2,931.0,559.0,131.0,20.0
263,1,783.0,480.0,1599.0,1023.0
263,2,930.0,558.0,135.0,21.0
264,1,787.0,483.0,1599.0,1021.0
264,2,930.0,556.0,138.0,21.0
265,1,790.0,481.0,1599.0,1019.0
265,2,928.0,555.0,137.0,22.0
266,1,814.0,455.0,1599.0,1013.0
266,2,927.0,553.0,134.0,20.0
267,1,806.0,452.0,1599.0,1009.0
267,2,925.0,553.0,134.0,18.0
268,1,805.0,452.0,1599.0,1003.0
268,2,923.0,553.0,132.0,16.0
269,1,806.0,452.0,1599.0,1001.0
269,2,924.0,550.0,135.0,20.0
270,1,807.0,452.0,1599.0,1001.0
270,2,922.0,551.0,132.0,19.0
271,1,809.0,452.0,1599.0,995.0
271,2,921.0,552.0,131.0,21.0
272,1,815.0,447.0,1599.0,990.0
272,2,919.0,554.0,134.0,21.0
273,1,817.0,447.0,1599.0,989.0
273,2,917.0,558.0,129.0,23.0
274,1,820.0,445.0,1599.0,989.0
274,2,917.0,558.0,128.0,25.0
275,1,820.0,447.0,1599.0,985.0
275,2,916.0,559.0,128.0,22.0
276,1,822.0,447.0,1599.0,985.0
276,2,916.0,560.0,129.0,25.0
277,1,827.0,442.0,1599.0,977.0
277,2,915.0,562.0,127.0,25.0
278,1,832.0,439.0,1599.0,974.0
278,2,915.0,563.0,127.0,25.0
279,1,834.0,439.0,1599.0,971.0
279,2,914.0,565.0,127.0,26.0
280,1,836.0,438.0,1599.0,970.0
280,2,915.0,564.0,128.0,25.0
281,1,836.0,439.0,1599.0,969.0
281,2,915.0,564.0,127.0,26.0
282,1,838.0,437.0,1599.0,969.0
282,2,913.0,567.0,126.0,25.0
283,1,838.0,438.0,1599.0,971.0
283,2,914.0,566.0,128.0,28.0
284,1,840.0,436.0,1599.0,972.0
284,2,915.0,564.0,129.0,29.0
285,1,839.0,438.0,1599.0,971.0
285,2,914.0,565.0,126.0,25.0
286,1,837.0,441.0,1599.0,970.0
286,2,914.0,564.0,127.0,24.0
287,1,836.0,442.0,1599.0,972.0
287,2,914.0,562.0,126.0,21.0
288,1,834.0,445.0,1599.0,973.0
288,2,915.0,559.0,131.0,22.0
289,1,832.0,447.0,1599.0,980.0
289,2,915.0,556.0,132.0,21.0
290,1,831.0,448.0,1599.0,981.0
290,2,914.0,555.0,136.0,23.0
291,1,831.0,447.0,1599.0,984.0
291,2,915.0,551.0,134.0,20.0
292,1,831.0,447.0,1599.0,986.0
292,2,914.0,550.0,135.0,20.0
293,1,828.0,452.0,1599.0,986.0
293,2,914.0,547.0,139.0,20.0
294,1,825.0,456.0,1599.0,988.0
294,2,915.0,541.0,142.0,17.0
295,1,826.0,456.0,1599.0,992.0
295,2,915.0,537.0,145.0,16.0
296,1,834.0,456.0,1599.0,994.0
296,2,915.0,531.0,153.0,13.0
297,1,821.0,484.0,1599.0,995.0
297,2,915.0,524.0,153.0,11.0
298,1,821.0,483.0,1599.0,996.0
298,2,913.0,522.0,156.0,11.0
299,1,841.0,460.0,1599.0,996.0
299,2,908.0,525.0,153.0,10.0
300,1,840.0,461.0,1599.0,995.0
300,2,904.0,526.0,157.0,8.0
301,1,840.0,461.0,1599.0,995.0
301,2,903.0,524.0,156.0,10.0
302,1,840.0,461.0,1599.0,996.0
302,2,902.0,522.0,156.0,10.0
303,1,840.0,461.0,1599.0,997.0
303,2,901.0,522.0,152.0,7.0
304,1,840.0,461.0,1599.0,997.0
304,2,901.0,522.0,149.0,6.0
305,1,839.0,461.0,1599.0,997.0
305,2,901.0,521.0,153.0,7.0
306,1,838.0,460.0,1599.0,995.0
306,2,900.0,523.0,152.0,7.0
307,1,834.0,457.0,1599.0,991.0
307,2,900.0,522.0,154.0,10.0
308,1,834.0,455.0,1599.0,988.0
308,2,900.0,522.0,151.0,6.0
309,1,836.0,452.0,1599.0,985.0
309,2,899.0,521.0,147.0,4.0
310,1,838.0,451.0,1599.0,979.0
310,2,898.0,521.0,149.0,5.0
311,1,842.0,448.0,1599.0,971.0
311,2,898.0,522.0,150.0,7.0
312,1,847.0,444.0,1599.0,967.0
312,2,898.0,523.0,150.0,7.0
313,1,852.0,440.0,1599.0,963.0
313,2,896.0,527.0,149.0,11.0
314,1,859.0,433.0,1599.0,957.0
314,2,897.0,527.0,148.0,11.0
315,1,865.0,428.0,1599.0,949.0
315,2,895.0,531.0,146.0,11.0
316,1,870.0,424.0,1599.0,942.0
316,2,897.0,529.0,147.0,11.0
317,1,876.0,418.0,1599.0,938.0
317,2,897.0,530.0,145.0,11.0
318,1,877.0,418.0,1599.0,934.0
318,2,897.0,531.0,146.0,11.0
319,1,879.0,416.0,1599.0,930.0
319,2,899.0,529.0,150.0,12.0
320,1,880.0,415.0,1599.0,929.0
320,2,897.0,532.0,147.0,10.0
321,1,881.0,414.0,1599.0,928.0
321,2,897.0,532.0,148.0,12.0
322,1,879.0,417.0,1599.0,929.0
322,2,897.0,531.0,145.0,11.0
323,1,878.0,419.0,1599.0,932.0
323,2,898.0,529.0,149.0,12.0
324,1,875.0,422.0,1599.0,934.0
324,2,897.0,530.0,147.0,11.0
325,1,873.0,424.0,1599.0,939.0
325,2,897.0,530.0,149.0,12.0
326,1,869.0,428.0,1599.0,941.0
326,2,898.0,528.0,151.0,12.0
327,1,867.0,429.0,1599.0,945.0
327,2,898.0,527.0,149.0,11.0
328,1,866.0,429.0,1599.0,948.0
328,2,898.0,527.0,148.0,10.0
329,1,862.0,433.0,1599.0,953.0
329,2,898.0,526.0,147.0,7.0
330,1,860.0,434.0,1599.0,956.0
330,2,898.0,525.0,150.0,7.0
331,1,858.0,435.0,1599.0,963.0
331,2,899.0,523.0,152.0,7.0
332,1,852.0,442.0,1599.0,966.0
332,2,900.0,519.0,153.0,7.0
333,1,846.0,447.0,1599.0,975.0
333,2,900.0,515.0,161.0,7.0
334,1,842.0,452.0,1599.0,981.0
334,2,900.0,513.0,161.0,6.0
335,1,837.0,461.0,1599.0,991.0
335,2,835.0,464.0,164.0,0.0
336,1,821.0,470.0,1599.0,1002.0
336,2,853.0,462.0,165.0,4.0
337,1,809.0,482.0,1599.0,1017.0
337,2,877.0,475.0,161.0,0.0
338,1,795.0,494.0,1599.0,1032.0
338,2,900.0,494.0,166.0,0.0
339,1,783.0,502.0,1599.0,1043.0
339,2,900.0,500.0,169.0,0.0
340,1,772.0,511.0,1599.0,1048.0
340,2,902.0,494.0,171.0,0.0
341,1,759.0,521.0,1599.0,1065.0
341,2,902.0,492.0,173.0,0.0
342,1,752.0,522.0,1599.0,1074.0
342,2,902.0,491.0,173.0,0.0
343,1,741.0,532.0,1599.0,1077.0
343,2,902.0,489.0,174.0,0.0
344,1,735.0,531.0,1599.0,1084.0
344,2,902.0,485.0,177.0,0.0
345,1,731.0,531.0,1599.0,1083.0
345,2,901.0,480.0,177.0,0.0
346,1,725.0,534.0,1599.0,1084.0
346,2,898.0,475.0,180.0,0.0
347,1,720.0,535.0,1599.0,1083.0
347,2,896.0,467.0,189.0,0.0
348,1,714.0,539.0,1599.0,1087.0
348,2,893.0,457.0,191.0,0.0
349,1,707.0,542.0,1599.0,1089.0
349,2,890.0,444.0,200.0,0.0
350,1,701.0,541.0,1599.0,1083.0
350,2,884.0,431.0,207.0,0.0
351,1,696.0,539.0,1599.0,1081.0
351,2,879.0,413.0,216.0,0.0
352,1,694.0,536.0,1599.0,1076.0
352,2,871.0,394.0,233.0,0.0
353,1,697.0,520.0,1599.0,1071.0
353,2,864.0,372.0,251.0,0.0
354,1,699.0,503.0,1599.0,1063.0
354,2,857.0,345.0,276.0,0.0
355,1,702.0,483.0,1599.0,1054.0
355,2,847.0,316.0,301.0,0.0
356,1,709.0,456.0,1599.0,1047.0
356,2,839.0,291.0,324.0,0.0
357,1,714.0,431.0,1599.0,1032.0
357,2,829.0,269.0,346.0,0.0
358,1,726.0,399.0,1599.0,1018.0
358,2,821.0,244.0,367.0,0.0
359,1,742.0,362.0,1599.0,991.0
359,2,813.0,224.0,390.0,0.0
360,1,758.0,326.0,1599.0,966.0
360,2,806.0,204.0,407.0,0.0
361,1,771.0,297.0,1599.0,952.0
361,2,799.0,189.0,426.0,0.0
362,1,782.0,274.0,1599.0,943.0
362,2,794.0,176.0,441.0,0.0
363,1,792.0,254.0,1599.0,930.0
363,2,790.0,165.0,452.0,0.0
364,1,803.0,237.0,1599.0,922.0
364,2,786.0,156.0,462.0,0.0
365,1,815.0,223.0,1599.0,910.0
365,2,781.0,150.0,468.0,0.0
366,1,830.0,213.0,1599.0,897.0
366,2,779.0,142.0,472.0,0.0
367,1,869.0,180.0,1599.0,867.0
367,2,775.0,141.0,473.0,0.0
368,1,972.0,84.0,1599.0,817.0
368,2,773.0,138.0,472.0,0.0
369,1,1060.0,0.0,1599.0,726.0
369,2,770.0,139.0,470.0,0.0
370,1,1159.0,0.0,1599.0,676.0
370,2,766.0,145.0,465.0,0.0
371,1,1157.0,0.0,1599.0,677.0
371,2,765.0,148.0,459.0,0.0
372,1,1172.0,0.0,1599.0,675.0
372,2,765.0,152.0,450.0,0.0
373,1,1193.0,0.0,1599.0,675.0
373,2,765.0,157.0,441.0,0.0
374,1,1206.0,0.0,1599.0,684.0
374,2,766.0,162.0,435.0,0.0
375,1,1220.0,0.0,1599.0,696.0
375,2,769.0,166.0,429.0,0.0
376,1,1225.0,0.0,1599.0,715.0
376,2,771.0,170.0,424.0,0.0
377,1,1216.0,0.0,1599.0,742.0
377,2,771.0,176.0,420.0,0.0
378,1,1198.0,0.0,1599.0,779.0
378,2,772.0,181.0,414.0,0.0
379,1,1180.0,0.0,1599.0,805.0
379,2,777.0,181.0,413.0,0.0
380,1,1155.0,0.0,1599.0,841.0
380,2,777.0,183.0,409.0,0.0
381,1,1131.0,0.0,1599.0,866.0
381,2,777.0,185.0,411.0,0.0
382,1,1122.0,0.0,1599.0,880.0
382,2,776.0,187.0,407.0,0.0
383,1,1123.0,0.0,1599.0,900.0
383,2,777.0,189.0,408.0,0.0
384,1,1114.0,0.0,1599.0,917.0
384,2,778.0,189.0,404.0,0.0
385,1,1097.0,0.0,1599.0,954.0
385,2,780.0,189.0,406.0,0.0
386,1,1086.0,0.0,1599.0,995.0
386,2,780.0,190.0,405.0,0.0
387,1,1074.0,0.0,1599.0,1032.0
387,2,780.0,190.0,405.0,0.0
388,1,1057.0,0.0,1599.0,1054.0
388,2,778.0,194.0,402.0,0.0
389,1,1046.0,0.0,1599.0,1077.0
389,2,781.0,193.0,403.0,0.0
390,1,1040.0,7.0,1592.0,1079.0
390,2,781.0,195.0,398.0,0.0
391,1,1034.0,16.0,1591.0,1081.0
391,2,781.0,199.0,398.0,0.0
392,1,1027.0,25.0,1590.0,1091.0
392,2,782.0,199.0,393.0,0.0
393,1,1015.0,35.0,1578.0,1103.0
393,2,781.0,203.0,388.0,0.0
394,1,1008.0,42.0,1571.0,1112.0
394,2,781.0,207.0,383.0,0.0
395,1,996.0,56.0,1560.0,1124.0
395,2,782.0,209.0,379.0,0.0
396,1,976.0,80.0,1546.0,1138.0
396,2,783.0,213.0,374.0,0.0
397,1,952.0,110.0,1534.0,1157.0
397,2,783.0,218.0,369.0,0.0
398,1,924.0,144.0,1515.0,1172.0
398,2,784.0,221.0,364.0,0.0
399,1,902.0,170.0,1505.0,1185.0
399,2,784.0,225.0,361.0,0.0
400,1,889.0,185.0,1495.0,1193.0
400,2,784.0,231.0,353.0,0.0
401,1,882.0,200.0,1485.0,1193.0
401,2,785.0,238.0,342.0,0.0
402,1,879.0,213.0,1466.0,1199.0
402,2,786.0,244.0,334.0,0.0
403,1,890.0,219.0,1470.0,1194.0
403,2,788.0,250.0,326.0,0.0
404,1,911.0,220.0,1484.0,1192.0
404,2,790.0,255.0,320.0,0.0
405,1,943.0,218.0,1459.0,1199.0
405,2,789.0,264.0,311.0,0.0
406,1,973.0,219.0,1480.0,1193.0
406,2,790.0,270.0,305.0,0.0
407,1,1007.0,218.0,1478.0,1194.0
407,2,790.0,276.0,293.0,0.0
408,1,1029.0,215.0,1482.0,1194.0
408,2,790.0,283.0,287.0,0.0
409,1,1025.0,221.0,1462.0,1199.0
409,2,791.0,288.0,280.0,0.0
410,1,1002.0,244.0,1454.0,1199.0
410,2,792.0,292.0,275.0,0.0
411,1,984.0,263.0,1438.0,1199.0
411,2,793.0,297.0,267.0,0.0
412,1,971.0,271.0,1428.0,1199.0
412,2,792.0,306.0,261.0,0.0
413,1,965.0,280.0,1426.0,1199.0
413,2,794.0,312.0,253.0,0.0
414,1,967.0,288.0,1428.0,1199.0
414,2,796.0,321.0,242.0,0.0
415,1,966.0,292.0,1420.0,1199.0
415,2,796.0,334.0,227.0,0.0
416,1,965.0,298.0,1416.0,1199.0
416,2,797.0,346.0,216.0,0.0
417,1,959.0,306.0,1405.0,1199.0
417,2,801.0,353.0,208.0,0.0
418,1,948.0,314.0,1392.0,1199.0
418,2,803.0,363.0,198.0,0.0
419,1,927.0,325.0,1375.0,1199.0
419,2,805.0,372.0,190.0,0.0
420,1,909.0,333.0,1357.0,1199.0
420,2,806.0,382.0,181.0,0.0
421,1,895.0,339.0,1340.0,1199.0
421,2,809.0,387.0,176.0,0.0
422,1,878.0,348.0,1322.0,1199.0
422,2,808.0,394.0,172.0,0.0
423,1,865.0,356.0,1305.0,1199.0
423,2,809.0,396.0,171.0,0.0
424,1,849.0,365.0,1288.0,1199.0
424,2,809.0,399.0,170.0,0.0
425,1,833.0,370.0,1270.0,1199.0
425,2,807.0,401.0,168.0,0.0
426,1,827.0,369.0,1262.0,1199.0
426,2,807.0,400.0,166.0,0.0
427,1,820.0,367.0,1246.0,1199.0
427,2,805.0,400.0,166.0,0.0
428,1,817.0,365.0,1241.0,1199.0
428,2,806.0,396.0,166.0,0.0
429,1,806.0,369.0,1227.0,1199.0
429,2,803.0,396.0,167.0,0.0
430,1,802.0,379.0,1219.0,1199.0
430,2,803.0,391.0,167.0,0.0
431,1,801.0,386.0,1198.0,1199.0
431,2,803.0,391.0,168.0,0.0
432,1,769.0,391.0,1187.0,1199.0
432,2,803.0,391.0,166.0,0.0
433,1,759.0,384.0,1181.0,1199.0
433,2,799.0,391.0,168.0,0.0
434,1,754.0,381.0,1186.0,1199.0
434,2,798.0,390.0,170.0,0.0
435,1,754.0,379.0,1188.0,1199.0
435,2,798.0,387.0,169.0,0.0
436,1,799.0,372.0,1185.0,1199.0
436,2,793.0,383.0,173.0,0.0
437,1,776.0,339.0,1202.0,1199.0
437,2,794.0,381.0,172.0,0.0
438,1,783.0,322.0,1213.0,1199.0
438,2,794.0,376.0,174.0,0.0
439,1,784.0,311.0,1218.0,1199.0
439,2,792.0,372.0,178.0,0.0
440,1,791.0,299.0,1220.0,1199.0
440,2,790.0,368.0,178.0,0.0
441,1,798.0,287.0,1235.0,1199.0
441,2,787.0,365.0,184.0,0.0
442,1,814.0,273.0,1248.0,1199.0
442,2,784.0,361.0,185.0,0.0
443,1,826.0,261.0,1264.0,1199.0
443,2,781.0,358.0,188.0,0.0
444,1,832.0,250.0,1271.0,1199.0
444,2,777.0,356.0,188.0,0.0
445,1,834.0,240.0,1284.0,1199.0
445,2,775.0,350.0,191.0,0.0
446,1,834.0,232.0,1292.0,1199.0
446,2,771.0,346.0,194.0,0.0
447,1,833.0,225.0,1302.0,1199.0
447,2,768.0,340.0,197.0,0.0
448,1,838.0,218.0,1315.0,1199.0
448,2,762.0,338.0,198.0,0.0
449,1,846.0,214.0,1322.0,1199.0
449,2,756.0,334.0,197.0,0.0
450,1,846.0,214.0,1330.0,1199.0
450,2,748.0,332.0,193.0,0.0
451,1,847.0,210.0,1342.0,1199.0
451,2,741.0,328.0,194.0,0.0
452,1,853.0,202.0,1354.0,1199.0
452,2,737.0,320.0,200.0,0.0
453,1,857.0,195.0,1368.0,1199.0
453,2,731.0,315.0,204.0,0.0
454,1,865.0,187.0,1388.0,1199.0
454,2,727.0,310.0,206.0,0.0
455,1,871.0,178.0,1412.0,1199.0
455,2,726.0,302.0,215.0,0.0
456,1,884.0,167.0,1441.0,1199.0
456,2,722.0,301.0,217.0,0.0
457,1,893.0,158.0,1461.0,1199.0
457,2,720.0,297.0,219.0,0.0
458,1,895.0,150.0,1488.0,1193.0
458,2,718.0,294.0,220.0,0.0
459,1,902.0,141.0,1502.0,1172.0
459,2,717.0,291.0,223.0,0.0
460,1,909.0,136.0,1523.0,1154.0
460,2,716.0,288.0,227.0,0.0
461,1,923.0,131.0,1546.0,1134.0
461,2,714.0,288.0,234.0,0.0
462,1,933.0,128.0,1366.0,1199.0
462,2,714.0,284.0,231.0,0.0
463,1,940.0,128.0,1387.0,1199.0
463,2,713.0,283.0,236.0,0.0
464,1,942.0,132.0,1398.0,1199.0
464,2,712.0,281.0,239.0,0.0
465,1,939.0,141.0,1415.0,1199.0
465,2,711.0,281.0,237.0,0.0
466,1,928.0,155.0,1414.0,1199.0
466,2,711.0,281.0,237.0,0.0
467,1,920.0,170.0,1428.0,1199.0
467,2,711.0,282.0,237.0,0.0
468,1,922.0,182.0,1434.0,1199.0
468,2,711.0,282.0,240.0,0.0
469,1,996.0,160.0,1445.0,1199.0
469,2,711.0,281.0,241.0,0.0
470,1,1009.0,161.0,1454.0,1199.0
470,2,711.0,281.0,242.0,0.0
471,1,1014.0,160.0,1466.0,1199.0
471,2,712.0,280.0,240.0,0.0
472,1,1011.0,161.0,1470.0,1199.0
472,2,712.0,279.0,244.0,0.0
473,1,1007.0,165.0,1471.0,1199.0
473,2,712.0,278.0,245.0,0.0
474,1,1007.0,172.0,1469.0,1199.0
474,2,711.0,277.0,249.0,0.0
475,1,1009.0,180.0,1472.0,1199.0
475,2,712.0,274.0,249.0,0.0
476,1,1021.0,184.0,1477.0,1195.0
476,2,710.0,274.0,252.0,0.0
477,1,1023.0,189.0,1471.0,1199.0
477,2,711.0,272.0,253.0,0.0
478,1,1022.0,194.0,1473.0,1199.0
478,2,711.0,272.0,254.0,0.0
479,1,1008.0,207.0,1470.0,1199.0
479,2,712.0,273.0,253.0,0.0
480,1,1003.0,220.0,1465.0,1199.0
480,2,712.0,276.0,251.0,0.0
481,1,1005.0,234.0,1460.0,1199.0
481,2,714.0,279.0,249.0,0.0
482,1,1003.0,248.0,1455.0,1199.0
482,2,716.0,284.0,244.0,0.0
483,1,997.0,259.0,1447.0,1199.0
483,2,718.0,289.0,241.0,0.0
484,1,995.0,267.0,1439.0,1199.0
484,2,721.0,292.0,239.0,0.0
485,1,987.0,278.0,1430.0,1199.0
485,2,721.0,299.0,229.0,0.0
486,1,981.0,288.0,1419.0,1199.0
486,2,724.0,303.0,224.0,0.0
487,1,967.0,300.0,1409.0,1199.0
487,2,724.0,311.0,216.0,0.0
488,1,952.0,309.0,1397.0,1199.0
488,2,725.0,316.0,213.0,0.0
489,1,936.0,317.0,1388.0,1199.0
489,2,727.0,319.0,209.0,0.0
490,1,927.0,321.0,1379.0,1199.0
490,2,729.0,322.0,205.0,0.0
491,1,915.0,326.0,1370.0,1199.0
491,2,730.0,327.0,203.0,0.0
492,1,902.0,331.0,1360.0,1199.0
492,2,732.0,331.0,196.0,0.0
493,1,889.0,335.0,1351.0,1199.0
493,2,733.0,335.0,192.0,0.0
494,1,887.0,336.0,1344.0,1199.0
494,2,735.0,339.0,187.0,0.0
495,1,883.0,339.0,1341.0,1199.0
495,2,738.0,344.0,183.0,0.0
496,1,874.0,344.0,1342.0,1199.0
496,2,740.0,349.0,178.0,0.0
497,1,865.0,348.0,1342.0,1199.0
497,2,741.0,355.0,175.0,0.0
498,1,855.0,353.0,1342.0,1199.0
498,2,745.0,358.0,169.0,0.0
499,1,846.0,355.0,1344.0,1199.0
499,2,749.0,362.0,168.0,0.0
500,1,837.0,357.0,1347.0,1199.0
500,2,751.0,370.0,166.0,0.0
501,1,836.0,356.0,1348.0,1199.0
501,2,754.0,376.0,158.0,0.0
502,1,839.0,354.0,1350.0,1199.0
502,2,756.0,382.0,158.0,0.0
503,1,839.0,358.0,1353.0,1199.0
503,2,759.0,388.0,153.0,0.0
504,1,833.0,367.0,1356.0,1199.0
504,2,763.0,392.0,149.0,0.0
505,1,831.0,371.0,1359.0,1199.0
505,2,766.0,397.0,149.0,0.0
506,1,829.0,374.0,1365.0,1199.0
506,2,767.0,401.0,147.0,5.0
507,1,828.0,375.0,1370.0,1199.0
507,2,766.0,404.0,147.0,6.0
508,1,833.0,372.0,1374.0,1199.0
508,2,767.0,401.0,147.0,6.0
509,1,839.0,369.0,1377.0,1199.0
509,2,765.0,401.0,146.0,4.0
510,1,842.0,368.0,1383.0,1193.0
510,2,763.0,399.0,146.0,0.0
511,1,840.0,368.0,1385.0,1192.0
511,2,761.0,398.0,145.0,0.0
512,1,834.0,370.0,1384.0,1184.0
512,2,760.0,397.0,145.0,0.0
513,1,835.0,370.0,1384.0,1178.0
513,2,760.0,397.0,146.0,0.0
514,1,840.0,368.0,1383.0,1163.0
514,2,760.0,401.0,142.0,5.0
515,1,839.0,370.0,1378.0,1153.0
515,2,761.0,405.0,139.0,6.0
516,1,837.0,372.0,1378.0,1150.0
516,2,764.0,409.0,137.0,7.0
517,1,836.0,374.0,1371.0,1138.0
517,2,765.0,419.0,138.0,11.0
518,1,834.0,376.0,1364.0,1122.0
518,2,769.0,424.0,135.0,13.0
519,1,831.0,379.0,1354.0,1113.0
519,2,772.0,428.0,132.0,11.0
520,1,828.0,382.0,1347.0,1097.0
520,2,773.0,433.0,130.0,15.0
521,1,822.0,386.0,1341.0,1088.0
521,2,774.0,435.0,127.0,12.0
522,1,821.0,387.0,1335.0,1080.0
522,2,775.0,435.0,127.0,12.0
523,1,816.0,391.0,1328.0,1067.0
523,2,774.0,437.0,128.0,14.0
524,1,816.0,392.0,1309.0,1038.0
524,2,775.0,437.0,127.0,14.0
525,1,811.0,395.0,1296.0,1021.0
525,2,774.0,440.0,127.0,15.0
526,1,805.0,400.0,1290.0,1010.0
526,2,775.0,442.0,128.0,16.0
527,1,802.0,403.0,1284.0,1008.0
527,2,775.0,444.0,125.0,19.0
528,1,800.0,406.0,1278.0,1000.0
528,2,776.0,444.0,122.0,18.0
529,1,802.0,406.0,1278.0,999.0
529,2,776.0,446.0,122.0,20.0
530,1,801.0,407.0,1278.0,997.0
530,2,776.0,446.0,122.0,20.0
531,1,798.0,409.0,1275.0,990.0
531,2,776.0,447.0,122.0,21.0
532,1,801.0,405.0,1272.0,990.0
532,2,776.0,446.0,124.0,18.0
533,1,803.0,403.0,1273.0,988.0
533,2,776.0,447.0,123.0,21.0
534,1,803.0,404.0,1273.0,988.0
534,2,777.0,447.0,124.0,21.0
535,1,806.0,404.0,1273.0,988.0
535,2,776.0,448.0,125.0,22.0
536,1,806.0,405.0,1273.0,990.0
536,2,777.0,446.0,123.0,21.0
537,1,808.0,405.0,1277.0,992.0
537,2,776.0,448.0,121.0,21.0
538,1,806.0,408.0,1279.0,1000.0
538,2,777.0,447.0,122.0,22.0
539,1,809.0,408.0,1287.0,1008.0
539,2,776.0,448.0,119.0,20.0
540,1,815.0,405.0,1296.0,1019.0
540,2,777.0,446.0,121.0,21.0
541,1,822.0,403.0,1303.0,1026.0
541,2,777.0,447.0,120.0,20.0
542,1,826.0,404.0,1312.0,1031.0
542,2,777.0,448.0,121.0,21.0
543,1,829.0,405.0,1328.0,1057.0
543,2,777.0,448.0,119.0,20.0
544,1,835.0,402.0,1359.0,1099.0
544,2,777.0,448.0,118.0,20.0
545,1,837.0,401.0,1372.0,1122.0
545,2,778.0,447.0,119.0,20.0
546,1,838.0,402.0,1384.0,1145.0
546,2,776.0,451.0,120.0,20.0
547,1,845.0,400.0,1408.0,1187.0
547,2,777.0,452.0,120.0,21.0
548,1,846.0,404.0,1415.0,1196.0
548,2,778.0,453.0,119.0,25.0
549,1,845.0,409.0,1409.0,1197.0
549,2,777.0,457.0,118.0,25.0
550,1,840.0,417.0,1397.0,1199.0
550,2,777.0,460.0,119.0,26.0
551,1,839.0,423.0,1392.0,1199.0
551,2,778.0,461.0,117.0,30.0
552,1,830.0,436.0,1384.0,1199.0
552,2,778.0,463.0,115.0,28.0
553,1,822.0,449.0,1366.0,1199.0
553,2,778.0,464.0,115.0,28.0
554,1,821.0,459.0,1357.0,1199.0
554,2,778.0,465.0,114.0,29.0
555,1,824.0,466.0,1345.0,1199.0
555,2,778.0,466.0,114.0,28.0
556,1,831.0,471.0,1351.0,1195.0
556,2,778.0,467.0,115.0,28.0
557,1,846.0,471.0,1345.0,1199.0
557,2,777.0,470.0,113.0,30.0
558,1,858.0,473.0,1344.0,1199.0
558,2,777.0,471.0,111.0,31.0
559,1,864.0,477.0,1343.0,1199.0
559,2,777.0,473.0,111.0,33.0
560,1,867.0,482.0,1340.0,1199.0
560,2,774.0,475.0,109.0,35.0
561,1,868.0,487.0,1335.0,1199.0
561,2,771.0,479.0,104.0,39.0
562,1,866.0,492.0,1320.0,1199.0
562,2,767.0,484.0,101.0,39.0
563,1,859.0,499.0,1313.0,1199.0
563,2,763.0,491.0,97.0,47.0
564,1,850.0,506.0,1300.0,1199.0
564,2,757.0,499.0,90.0,50.0
565,1,835.0,514.0,1286.0,1199.0
565,2,748.0,511.0,81.0,58.0
566,1,814.0,524.0,1276.0,1199.0
566,2,740.0,522.0,77.0,67.0
567,1,789.0,538.0,1247.0,1199.0
567,2,729.0,534.0,69.0,76.0
568,1,764.0,552.0,1228.0,1199.0
568,2,721.0,541.0,61.0,81.0
569,1,746.0,563.0,1206.0,1199.0
569,2,713.0,550.0,59.0,90.0
570,1,727.0,577.0,1199.0,1199.0
570,2,702.0,561.0,50.0,97.0
571,1,707.0,590.0,1182.0,1199.0
571,2,692.0,575.0,46.0,105.0
572,1,688.0,600.0,1164.0,1199.0
572,2,685.0,584.0,41.0,114.0
573,1,665.0,613.0,1148.0,1199.0
573,2,678.0,593.0,39.0,121.0
574,1,642.0,624.0,1121.0,1199.0
574,2,675.0,597.0,36.0,125.0
575,1,660.0,618.0,1117.0,1199.0
575,2,677.0,592.0,37.0,125.0
576,1,650.0,624.0,1111.0,1199.0
576,2,669.0,607.0,34.0,129.0
577,1,628.0,630.0,1090.0,1199.0
577,2,660.0,619.0,34.0,133.0
578,1,608.0,638.0,1086.0,1199.0
578,2,648.0,635.0,34.0,138.0
579,1,628.0,631.0,1086.0,1199.0
579,2,621.0,638.0,28.0,166.0
580,1,577.0,584.0,1087.0,1199.0
580,2,598.0,638.0,15.0,180.0
581,1,559.0,587.0,1065.0,1199.0
581,2,597.0,682.0,39.0,147.0
582,1,566.0,557.0,1073.0,1199.0
582,2,576.0,703.0,15.0,229.0
583,1,572.0,537.0,1082.0,1194.0
583,2,549.0,733.0,15.0,277.0
584,1,579.0,522.0,1084.0,1195.0
584,2,523.0,765.0,0.0,306.0
585,1,583.0,509.0,1093.0,1199.0
585,2,500.0,775.0,0.0,315.0
586,1,584.0,499.0,1086.0,1184.0
586,2,484.0,789.0,0.0,331.0
587,1,595.0,485.0,1091.0,1193.0
587,2,474.0,801.0,0.0,344.0
588,1,608.0,472.0,1115.0,1194.0
588,2,468.0,811.0,0.0,358.0
589,1,626.0,459.0,1097.0,1199.0
589,2,464.0,818.0,0.0,369.0
590,1,646.0,447.0,1137.0,1199.0
590,2,455.0,831.0,0.0,382.0
591,1,664.0,436.0,1134.0,1199.0
591,2,449.0,841.0,0.0,391.0
592,1,682.0,427.0,1153.0,1199.0
592,2,449.0,844.0,0.0,394.0
593,1,695.0,421.0,1186.0,1199.0
593,2,450.0,845.0,0.0,395.0
594,1,707.0,419.0,1221.0,1194.0
594,2,448.0,849.0,0.0,397.0
595,1,715.0,421.0,1185.0,1199.0
595,2,448.0,850.0,0.0,398.0
596,1,727.0,422.0,1227.0,1192.0
596,2,446.0,854.0,0.0,402.0
597,1,739.0,422.0,1202.0,1199.0
597,2,444.0,857.0,0.0,407.0
598,1,752.0,422.0,1194.0,1199.0
598,2,444.0,857.0,0.0,407.0
599,1,763.0,423.0,1215.0,1199.0
599,2,446.0,855.0,0.0,404.0
600,1,778.0,425.0,1231.0,1199.0
600,2,448.0,855.0,0.0,401.0
601,1,790.0,428.0,1245.0,1199.0
601,2,451.0,855.0,0.0,400.0
602,1,804.0,431.0,1260.0,1199.0
602,2,453.0,855.0,0.0,400.0
603,1,815.0,438.0,1275.0,1199.0
603,2,456.0,855.0,0.0,399.0
604,1,833.0,445.0,1289.0,1199.0
604,2,463.0,852.0,0.0,394.0
605,1,856.0,447.0,1311.0,1199.0
605,2,470.0,849.0,0.0,387.0
606,1,885.0,441.0,1338.0,1199.0
606,2,478.0,845.0,0.0,380.0
607,1,910.0,435.0,1362.0,1199.0
607,2,486.0,841.0,0.0,372.0
608,1,931.0,432.0,1385.0,1199.0
608,2,496.0,832.0,0.0,363.0
609,1,940.0,435.0,1399.0,1199.0
609,2,504.0,828.0,0.0,355.0
610,1,946.0,442.0,1403.0,1199.0
610,2,510.0,825.0,0.0,353.0
611,1,945.0,452.0,1403.0,1199.0
611,2,521.0,819.0,0.0,345.0
612,1,935.0,467.0,1397.0,1199.0
612,2,543.0,804.0,0.0,327.0
613,1,922.0,484.0,1382.0,1199.0
613,2,567.0,789.0,0.0,302.0
614,1,909.0,500.0,1367.0,1199.0
614,2,591.0,775.0,0.0,281.0
615,1,895.0,516.0,1350.0,1199.0
615,2,615.0,760.0,0.0,263.0
616,1,884.0,528.0,1331.0,1199.0
616,2,634.0,749.0,0.0,246.0
617,1,871.0,539.0,1312.0,1199.0
617,2,648.0,745.0,0.0,235.0
618,1,865.0,544.0,1303.0,1199.0
618,2,665.0,736.0,0.0,223.0
619,1,857.0,549.0,1289.0,1199.0
619,2,681.0,723.0,0.0,208.0
620,1,847.0,554.0,1283.0,1199.0
620,2,696.0,708.0,7.0,195.0
621,1,843.0,550.0,1262.0,1199.0
621,2,710.0,692.0,11.0,180.0
622,1,841.0,538.0,1254.0,1199.0
622,2,719.0,682.0,11.0,171.0
623,1,841.0,520.0,1273.0,1199.0
623,2,723.0,675.0,12.0,166.0
624,1,839.0,502.0,1273.0,1199.0
624,2,725.0,671.0,15.0,161.0
625,1,840.0,479.0,1296.0,1199.0
625,2,726.0,667.0,14.0,160.0
626,1,838.0,469.0,1266.0,1199.0
626,2,726.0,663.0,18.0,157.0
627,1,838.0,463.0,1291.0,1199.0
627,2,728.0,653.0,19.0,152.0
628,1,833.0,459.0,1265.0,1199.0
628,2,728.0,646.0,21.0,147.0
629,1,834.0,452.0,1269.0,1199.0
629,2,728.0,640.0,21.0,143.0
630,1,833.0,448.0,1269.0,1199.0
630,2,728.0,634.0,22.0,141.0
631,1,828.0,451.0,1262.0,1199.0
631,2,728.0,629.0,22.0,138.0
632,1,816.0,463.0,1252.0,1199.0
632,2,727.0,628.0,21.0,136.0
633,1,869.0,440.0,1241.0,1199.0
633,2,727.0,626.0,22.0,135.0
634,1,860.0,447.0,1229.0,1199.0
634,2,727.0,625.0,23.0,133.0
635,1,859.0,448.0,1220.0,1199.0
635,2,729.0,620.0,25.0,133.0
636,1,847.0,447.0,1216.0,1199.0
636,2,730.0,615.0,26.0,130.0
637,1,835.0,443.0,1209.0,1199.0
637,2,732.0,609.0,29.0,127.0
638,1,822.0,443.0,1195.0,1199.0
638,2,734.0,602.0,31.0,123.0
639,1,821.0,446.0,1194.0,1199.0
639,2,735.0,596.0,37.0,119.0
640,1,820.0,450.0,1194.0,1199.0
640,2,736.0,590.0,37.0,115.0
641,1,819.0,451.0,1193.0,1199.0
641,2,739.0,582.0,39.0,110.0
642,1,819.0,451.0,1192.0,1199.0
642,2,738.0,581.0,40.0,108.0
643,1,829.0,449.0,1208.0,1199.0
643,2,740.0,576.0,42.0,109.0
644,1,837.0,447.0,1213.0,1199.0
644,2,740.0,573.0,44.0,105.0
645,1,847.0,447.0,1218.0,1199.0
645,2,741.0,569.0,45.0,103.0
646,1,852.0,455.0,1217.0,1199.0
646,2,744.0,560.0,46.0,98.0
647,1,853.0,468.0,1208.0,1199.0
647,2,745.0,555.0,50.0,96.0
648,1,853.0,482.0,1202.0,1199.0
648,2,746.0,550.0,48.0,91.0
649,1,853.0,493.0,1198.0,1199.0
649,2,746.0,547.0,51.0,91.0
650,1,848.0,500.0,1194.0,1199.0
650,2,749.0,541.0,55.0,89.0
651,1,838.0,508.0,1191.0,1199.0
651,2,750.0,541.0,56.0,87.0
652,1,822.0,518.0,1184.0,1199.0
652,2,752.0,538.0,55.0,85.0
653,1,804.0,531.0,1175.0,1199.0
653,2,754.0,537.0,59.0,84.0
654,1,792.0,541.0,1166.0,1199.0
654,2,756.0,536.0,61.0,81.0
655,1,773.0,554.0,1154.0,1199.0
655,2,760.0,531.0,65.0,77.0
656,1,747.0,569.0,1141.0,1199.0
656,2,763.0,527.0,65.0,75.0
657,1,724.0,582.0,1128.0,1199.0
657,2,765.0,523.0,66.0,75.0
658,1,707.0,591.0,1116.0,1199.0
658,2,766.0,522.0,68.0,71.0
659,1,696.0,597.0,1111.0,1199.0
659,2,769.0,518.0,72.0,69.0
660,1,684.0,602.0,1109.0,1199.0
660,2,772.0,514.0,72.0,63.0
661,1,671.0,606.0,1105.0,1199.0
661,2,776.0,508.0,76.0,62.0
662,1,647.0,619.0,1098.0,1199.0
662,2,778.0,505.0,78.0,60.0
663,1,634.0,623.0,1089.0,1199.0
663,2,782.0,499.0,79.0,58.0
664,1,615.0,634.0,1080.0,1199.0
664,2,786.0,494.0,87.0,54.0
665,1,605.0,642.0,1068.0,1199.0
665,2,793.0,485.0,94.0,50.0
666,1,594.0,647.0,1059.0,1199.0
666,2,799.0,477.0,99.0,45.0
667,1,585.0,647.0,1048.0,1199.0
667,2,805.0,470.0,102.0,39.0
668,1,572.0,648.0,1042.0,1199.0
668,2,811.0,463.0,109.0,37.0
669,1,561.0,648.0,1033.0,1199.0
669,2,815.0,461.0,114.0,31.0
670,1,551.0,649.0,1023.0,1199.0
670,2,818.0,459.0,115.0,30.0
671,1,536.0,652.0,1013.0,1199.0
671,2,821.0,456.0,118.0,30.0
672,1,520.0,654.0,1000.0,1199.0
672,2,821.0,459.0,115.0,25.0
673,1,510.0,652.0,993.0,1199.0
673,2,824.0,457.0,119.0,28.0
674,1,507.0,647.0,991.0,1199.0
674,2,824.0,461.0,119.0,26.0
675,1,504.0,640.0,995.0,1199.0
675,2,823.0,466.0,116.0,29.0
676,1,505.0,627.0,1000.0,1199.0
676,2,821.0,472.0,115.0,30.0
677,1,506.0,613.0,1011.0,1199.0
677,2,816.0,482.0,115.0,36.0
678,1,509.0,598.0,1017.0,1199.0
678,2,811.0,489.0,109.0,38.0
679,1,508.0,588.0,1023.0,1199.0
679,2,804.0,498.0,107.0,39.0
680,1,510.0,577.0,1027.0,1199.0
680,2,799.0,507.0,105.0,45.0
681,1,515.0,563.0,1035.0,1199.0
681,2,794.0,517.0,101.0,48.0
682,1,522.0,547.0,1049.0,1199.0
682,2,790.0,524.0,96.0,52.0
683,1,536.0,527.0,1071.0,1199.0
683,2,783.0,534.0,91.0,60.0
684,1,557.0,506.0,1096.0,1199.0
684,2,771.0,549.0,87.0,71.0
685,1,584.0,483.0,1122.0,1199.0
685,2,759.0,561.0,82.0,80.0
686,1,603.0,489.0,1146.0,1199.0
686,2,749.0,577.0,75.0,90.0
687,1,628.0,447.0,1171.0,1199.0
687,2,728.0,597.0,70.0,100.0
688,1,652.0,430.0,1196.0,1199.0
688,2,722.0,610.0,59.0,115.0
689,1,671.0,417.0,1226.0,1199.0
689,2,711.0,628.0,51.0,124.0
690,1,693.0,405.0,1246.0,1199.0
690,2,702.0,644.0,47.0,138.0
691,1,718.0,392.0,1267.0,1199.0
691,2,690.0,663.0,40.0,149.0
692,1,739.0,382.0,1287.0,1199.0
692,2,678.0,679.0,37.0,161.0
693,1,759.0,373.0,1308.0,1199.0
693,2,672.0,686.0,29.0,166.0
694,1,776.0,365.0,1322.0,1199.0
694,2,665.0,694.0,27.0,169.0
695,1,789.0,359.0,1337.0,1199.0
695,2,662.0,694.0,26.0,175.0
696,1,796.0,358.0,1345.0,1199.0
696,2,656.0,695.0,28.0,176.0
697,1,807.0,355.0,1355.0,1199.0
697,2,651.0,694.0,26.0,179.0
698,1,813.0,355.0,1361.0,1199.0
698,2,642.0,699.0,26.0,181.0
699,1,818.0,356.0,1366.0,1199.0
699,2,638.0,699.0,20.0,187.0
700,1,821.0,358.0,1371.0,1199.0
700,2,630.0,704.0,20.0,192.0
701,1,830.0,355.0,1378.0,1199.0
701,2,621.0,710.0,15.0,199.0
702,1,833.0,355.0,1379.0,1199.0
702,2,614.0,714.0,15.0,203.0
703,1,839.0,354.0,1382.0,1199.0
703,2,607.0,715.0,14.0,209.0
704,1,843.0,354.0,1385.0,1199.0
704,2,594.0,723.0,0.0,222.0
705,1,849.0,353.0,1390.0,1199.0
705,2,576.0,735.0,0.0,224.0
706,1,855.0,353.0,1393.0,1199.0
706,2,552.0,751.0,0.0,241.0
707,1,862.0,353.0,1396.0,1199.0
707,2,530.0,764.0,0.0,264.0
708,1,867.0,355.0,1400.0,1199.0
708,2,505.0,779.0,0.0,298.0
709,1,874.0,356.0,1404.0,1199.0
709,2,471.0,800.0,0.0,325.0
710,1,883.0,356.0,1409.0,1199.0
710,2,427.0,826.0,0.0,373.0
711,1,892.0,357.0,1413.0,1199.0
711,2,389.0,843.0,0.0,419.0
712,1,902.0,359.0,1417.0,1199.0
712,2,366.0,851.0,0.0,451.0
713,1,910.0,362.0,1419.0,1199.0
713,2,353.0,851.0,0.0,464.0
714,1,915.0,366.0,1422.0,1199.0
714,2,342.0,849.0,0.0,470.0
715,1,922.0,368.0,1420.0,1199.0
715,2,343.0,836.0,0.0,461.0
716,1,928.0,368.0,1428.0,1199.0
716,2,352.0,815.0,0.0,441.0
717,1,933.0,369.0,1429.0,1199.0
717,2,367.0,789.0,0.0,410.0
718,1,936.0,372.0,1428.0,1199.0
718,2,396.0,750.0,0.0,358.0
719,1,939.0,374.0,1423.0,1199.0
719,2,424.0,719.0,0.0,310.0
720,1,940.0,377.0,1419.0,1199.0
720,2,455.0,686.0,0.0,269.0
721,1,938.0,383.0,1419.0,1199.0
721,2,497.0,644.0,27.0,249.0
722,1,940.0,387.0,1419.0,1199.0
722,2,549.0,589.0,49.0,202.0
723,1,942.0,390.0,1416.0,1199.0
723,2,597.0,543.0,52.0,157.0
724,1,946.0,392.0,1415.0,1199.0
724,2,640.0,509.0,56.0,120.0
725,1,941.0,400.0,1411.0,1199.0
725,2,679.0,480.0,76.0,94.0
726,1,940.0,406.0,1406.0,1199.0
726,2,722.0,446.0,104.0,77.0
727,1,935.0,415.0,1397.0,1199.0
727,2,765.0,405.0,126.0,50.0
728,1,933.0,421.0,1388.0,1199.0
728,2,807.0,359.0,152.0,29.0
729,1,922.0,433.0,1377.0,1199.0
729,2,844.0,319.0,177.0,5.0
730,1,915.0,444.0,1366.0,1199.0
730,2,878.0,285.0,210.0,0.0
731,1,908.0,455.0,1353.0,1199.0
731,2,906.0,264.0,250.0,0.0
732,1,899.0,465.0,1338.0,1199.0
732,2,933.0,237.0,300.0,0.0
733,1,886.0,477.0,1323.0,1199.0
733,2,959.0,204.0,368.0,0.0
734,1,871.0,490.0,1305.0,1199.0
734,2,976.0,190.0,413.0,0.0
735,1,856.0,505.0,1286.0,1199.0
735,2,986.0,190.0,412.0,0.0
736,1,841.0,520.0,1271.0,1199.0
736,2,990.0,202.0,393.0,0.0
737,1,827.0,535.0,1256.0,1199.0
737,2,994.0,204.0,388.0,0.0
738,1,816.0,548.0,1239.0,1199.0
738,2,996.0,203.0,390.0,0.0
739,1,806.0,562.0,1226.0,1199.0
739,2,995.0,204.0,390.0,0.0
740,1,801.0,573.0,1214.0,1199.0
740,2,994.0,199.0,402.0,0.0
741,1,785.0,590.0,1199.0,1199.0
741,2,993.0,193.0,417.0,0.0
742,1,772.0,605.0,1187.0,1199.0
742,2,993.0,185.0,424.0,0.0
743,1,761.0,618.0,1221.0,1183.0
743,2,990.0,186.0,424.0,0.0
744,1,754.0,627.0,1215.0,1196.0
744,2,986.0,189.0,420.0,0.0
745,1,747.0,636.0,1215.0,1199.0
745,2,983.0,190.0,411.0,0.0
746,1,738.0,645.0,1211.0,1199.0
746,2,978.0,195.0,407.0,0.0
747,1,728.0,656.0,1207.0,1199.0
747,2,977.0,194.0,409.0,0.0
748,1,715.0,664.0,1197.0,1199.0
748,2,973.0,202.0,395.0,0.0
749,1,699.0,668.0,1184.0,1199.0
749,2,971.0,208.0,381.0,0.0
750,1,676.0,671.0,1169.0,1199.0
750,2,967.0,219.0,363.0,0.0
751,1,657.0,671.0,1157.0,1199.0
751,2,962.0,232.0,331.0,0.0
752,1,642.0,669.0,1147.0,1199.0
752,2,958.0,243.0,312.0,0.0
753,1,632.0,664.0,1141.0,1199.0
753,2,955.0,250.0,293.0,0.0
754,1,629.0,653.0,1143.0,1199.0
754,2,949.0,263.0,273.0,0.0
755,1,631.0,637.0,1146.0,1199.0
755,2,943.0,275.0,251.0,0.0
756,1,633.0,620.0,1150.0,1199.0
756,2,938.0,285.0,235.0,0.0
757,1,640.0,599.0,1159.0,1195.0
757,2,933.0,293.0,222.0,0.0
758,1,639.0,584.0,1165.0,1193.0
758,2,928.0,302.0,210.0,0.0
759,1,644.0,566.0,1171.0,1180.0
759,2,920.0,321.0,183.0,0.0
760,1,653.0,548.0,1140.0,1199.0
760,2,912.0,337.0,178.0,0.0
761,1,658.0,536.0,1152.0,1199.0
761,2,905.0,349.0,164.0,7.0
762,1,665.0,524.0,1166.0,1199.0
762,2,896.0,368.0,155.0,18.0
763,1,678.0,508.0,1180.0,1199.0
763,2,891.0,379.0,149.0,21.0
764,1,687.0,494.0,1193.0,1199.0
764,2,888.0,386.0,148.0,21.0
765,1,695.0,481.0,1205.0,1199.0
765,2,884.0,391.0,141.0,26.0
766,1,705.0,468.0,1218.0,1199.0
766,2,878.0,397.0,142.0,34.0
767,1,721.0,454.0,1234.0,1199.0
767,2,865.0,415.0,129.0,38.0
768,1,739.0,441.0,1247.0,1199.0
768,2,852.0,432.0,118.0,50.0
769,1,752.0,433.0,1263.0,1199.0
769,2,841.0,443.0,115.0,53.0
770,1,770.0,420.0,1280.0,1199.0
770,2,818.0,424.0,108.0,56.0
771,1,785.0,413.0,1294.0,1199.0
771,2,779.0,424.0,109.0,60.0
772,1,806.0,403.0,1315.0,1199.0
772,2,797.0,461.0,94.0,74.0
773,1,826.0,396.0,1331.0,1199.0
773,2,766.0,480.0,82.0,94.0
774,1,847.0,389.0,1352.0,1199.0
774,2,733.0,499.0,65.0,108.0
775,1,865.0,384.0,1367.0,1199.0
775,2,706.0,508.0,59.0,121.0
776,1,883.0,380.0,1385.0,1199.0
776,2,683.0,508.0,53.0,124.0
777,1,902.0,376.0,1396.0,1199.0
777,2,660.0,508.0,48.0,138.0
778,1,916.0,376.0,1415.0,1199.0
778,2,636.0,508.0,39.0,143.0
779,1,931.0,376.0,1424.0,1199.0
779,2,612.0,508.0,40.0,153.0
780,1,947.0,376.0,1439.0,1199.0
780,2,583.0,519.0,39.0,180.0
781,1,964.0,375.0,1455.0,1196.0
781,2,546.0,541.0,32.0,207.0
782,1,978.0,376.0,1462.0,1199.0
782,2,509.0,567.0,0.0,231.0
783,1,994.0,375.0,1468.0,1199.0
783,2,478.0,589.0,0.0,247.0
784,1,1008.0,376.0,1481.0,1199.0
784,2,452.0,607.0,0.0,274.0
785,1,1018.0,380.0,1488.0,1199.0
785,2,424.0,630.0,0.0,307.0
786,1,1028.0,384.0,1492.0,1199.0
786,2,391.0,657.0,0.0,352.0
787,1,1046.0,383.0,1511.0,1193.0
787,2,349.0,693.0,0.0,399.0
788,1,1059.0,385.0,1510.0,1181.0
788,2,311.0,728.0,0.0,458.0
789,1,1075.0,386.0,1517.0,1173.0
789,2,274.0,761.0,0.0,507.0
790,1,1091.0,387.0,1528.0,1155.0
790,2,246.0,786.0,0.0,555.0
791,1,1112.0,386.0,1534.0,1145.0
791,2,220.0,808.0,0.0,594.0
792,1,1134.0,388.0,1547.0,1128.0
792,2,178.0,845.0,0.0,660.0
793,1,1159.0,387.0,1585.0,1090.0
793,2,140.0,876.0,0.0,724.0
794,1,1181.0,384.0,1599.0,1118.0
794,2,115.0,897.0,0.0,769.0
795,1,1201.0,381.0,1599.0,1100.0
795,2,95.0,909.0,0.0,792.0
796,1,1220.0,379.0,1599.0,1071.0
796,2,86.0,916.0,0.0,809.0
797,1,1243.0,376.0,1599.0,1028.0
797,2,80.0,921.0,0.0,818.0
798,1,1271.0,369.0,1599.0,980.0
798,2,77.0,925.0,0.0,824.0
799,1,1293.0,364.0,1599.0,928.0
799,2,78.0,927.0,0.0,825.0
800,1,1308.0,359.0,1599.0,895.0
800,2,77.0,928.0,0.0,827.0
801,1,1320.0,355.0,1599.0,867.0
801,2,67.0,940.0,0.0,852.0
802,1,1328.0,353.0,1599.0,851.0
802,2,55.0,955.0,0.0,883.0
803,1,1335.0,354.0,1599.0,836.0
803,2,38.0,964.0,0.0,908.0
804,1,1345.0,354.0,1599.0,826.0
804,2,28.0,974.0,0.0,927.0
805,1,1353.0,356.0,1599.0,811.0
805,2,16.0,982.0,0.0,933.0
806,1,1365.0,355.0,1599.0,795.0
806,2,14.0,984.0,0.0,936.0
807,1,1370.0,356.0,1599.0,787.0
807,2,25.0,981.0,0.0,936.0
808,1,1372.0,358.0,1599.0,785.0
808,2,28.0,980.0,0.0,928.0
809,1,1376.0,358.0,1599.0,785.0
810,1,1377.0,361.0,1599.0,785.0
811,1,1379.0,364.0,1599.0,785.0
812,1,1381.0,367.0,1599.0,785.0
813,1,1378.0,372.0,1599.0,794.0
814,1,1372.0,378.0,1599.0,816.0
815,1,1362.0,386.0,1599.0,841.0
816,1,1347.0,397.0,1599.0,877.0
817,1,1334.0,408.0,1599.0,915.0
818,1,1327.0,416.0,1599.0,946.0
819,1,1318.0,424.0,1599.0,982.0
820,1,1304.0,434.0,1599.0,1019.0
821,1,1283.0,447.0,1599.0,1062.0
822,1,1263.0,460.0,1599.0,1117.0
823,1,1240.0,475.0,1599.0,1174.0
823,2,77.0,972.0,0.0,869.0
824,1,1222.0,488.0,1599.0,1174.0
824,2,92.0,966.0,0.0,845.0
825,1,1207.0,498.0,1584.0,1193.0
825,2,109.0,958.0,0.0,823.0
826,1,1200.0,503.0,1546.0,1146.0
826,2,130.0,948.0,0.0,790.0
827,1,1184.0,513.0,1586.0,1193.0
827,2,157.0,934.0,0.0,751.0
828,1,1167.0,522.0,1535.0,1165.0
828,2,182.0,921.0,0.0,719.0
829,1,1151.0,529.0,1554.0,1192.0
829,2,205.0,905.0,0.0,679.0
830,1,1131.0,537.0,1548.0,1194.0
830,2,229.0,892.0,0.0,646.0
831,1,1110.0,546.0,1523.0,1193.0
831,2,246.0,885.0,0.0,627.0
832,1,1088.0,554.0,1492.0,1192.0
832,2,267.0,874.0,0.0,604.0
833,1,1068.0,561.0,1490.0,1199.0
833,2,287.0,864.0,0.0,581.0
834,1,1049.0,568.0,1482.0,1199.0
834,2,306.0,855.0,0.0,561.0
835,1,1034.0,574.0,1468.0,1199.0
835,2,325.0,845.0,0.0,533.0
836,1,1016.0,582.0,1459.0,1199.0
836,2,346.0,835.0,0.0,506.0
837,1,1001.0,587.0,1441.0,1199.0
837,2,374.0,817.0,0.0,483.0
838,1,978.0,596.0,1426.0,1199.0
838,2,397.0,803.0,0.0,452.0
839,1,959.0,603.0,1407.0,1199.0
839,2,409.0,803.0,0.0,445.0
840,1,947.0,607.0,1392.0,1199.0
840,2,420.0,803.0,0.0,437.0
841,1,931.0,614.0,1376.0,1199.0
841,2,436.0,799.0,0.0,423.0
842,1,915.0,621.0,1363.0,1199.0
842,2,450.0,795.0,0.0,414.0
843,1,899.0,629.0,1347.0,1199.0
843,2,463.0,794.0,0.0,400.0
844,1,884.0,635.0,1333.0,1199.0
844,2,475.0,789.0,0.0,390.0
845,1,870.0,639.0,1320.0,1199.0
845,2,491.0,783.0,0.0,375.0
846,1,849.0,648.0,1301.0,1199.0
846,2,504.0,780.0,0.0,359.0
847,1,829.0,656.0,1282.0,1199.0
847,2,517.0,775.0,0.0,349.0
848,1,813.0,661.0,1263.0,1199.0
848,2,529.0,768.0,0.0,342.0
849,1,804.0,663.0,1258.0,1199.0
849,2,538.0,762.0,0.0,334.0
850,1,797.0,665.0,1252.0,1199.0
850,2,546.0,756.0,0.0,320.0
851,1,794.0,664.0,1250.0,1199.0
851,2,560.0,743.0,0.0,310.0
852,1,791.0,663.0,1247.0,1199.0
852,2,571.0,734.0,0.0,292.0
853,1,785.0,664.0,1247.0,1199.0
853,2,579.0,728.0,0.0,283.0
854,1,781.0,663.0,1247.0,1199.0
854,2,586.0,723.0,0.0,276.0
855,1,782.0,658.0,1249.0,1199.0
855,2,592.0,718.0,0.0,272.0
856,1,781.0,654.0,1251.0,1199.0
856,2,596.0,716.0,0.0,267.0
857,1,779.0,651.0,1250.0,1199.0
857,2,602.0,713.0,0.0,263.0
858,1,772.0,651.0,1245.0,1199.0
858,2,612.0,706.0,0.0,252.0
859,1,764.0,651.0,1240.0,1199.0
859,2,622.0,699.0,0.0,240.0
860,1,754.0,652.0,1228.0,1199.0
860,2,631.0,694.0,0.0,233.0
861,1,746.0,652.0,1224.0,1199.0
861,2,640.0,690.0,0.0,227.0
862,1,739.0,652.0,1219.0,1199.0
862,2,649.0,685.0,0.0,220.0
863,1,733.0,652.0,1215.0,1199.0
863,2,659.0,681.0,0.0,213.0
864,1,728.0,651.0,1207.0,1199.0
864,2,667.0,680.0,0.0,209.0
865,1,718.0,653.0,1198.0,1199.0
865,2,677.0,676.0,0.0,208.0
866,1,711.0,653.0,1194.0,1199.0
866,2,684.0,674.0,8.0,203.0
867,1,704.0,653.0,1191.0,1199.0
867,2,690.0,672.0,4.0,199.0
868,1,702.0,651.0,1188.0,1199.0
868,2,694.0,673.0,7.0,194.0
869,1,703.0,647.0,1188.0,1199.0
869,2,697.0,677.0,7.0,195.0
870,1,702.0,645.0,1188.0,1199.0
870,2,702.0,682.0,0.0,192.0
871,1,701.0,644.0,1188.0,1199.0
871,2,705.0,690.0,0.0,194.0
872,1,698.0,645.0,1188.0,1199.0
872,2,711.0,691.0,0.0,196.0
873,1,698.0,644.0,1188.0,1199.0
873,2,715.0,691.0,4.0,194.0
874,1,698.0,644.0,1190.0,1199.0
874,2,719.0,691.0,7.0,191.0
875,1,700.0,643.0,1191.0,1199.0
875,2,723.0,691.0,7.0,190.0
876,1,702.0,644.0,1187.0,1199.0
876,2,724.0,687.0,9.0,189.0
877,1,690.0,652.0,1184.0,1199.0
877,2,728.0,672.0,19.0,180.0
878,1,684.0,655.0,1173.0,1199.0
878,2,752.0,667.0,19.0,172.0
879,1,677.0,659.0,1169.0,1199.0
879,2,760.0,658.0,21.0,165.0
880,1,671.0,663.0,1167.0,1199.0
880,2,767.0,648.0,24.0,161.0
881,1,672.0,661.0,1165.0,1199.0
881,2,774.0,636.0,31.0,152.0
882,1,664.0,665.0,1163.0,1199.0
882,2,781.0,626.0,36.0,146.0
883,1,659.0,666.0,1155.0,1199.0
883,2,793.0,609.0,40.0,133.0
884,1,645.0,673.0,1147.0,1199.0
884,2,803.0,593.0,49.0,124.0
885,1,634.0,678.0,1141.0,1199.0
885,2,815.0,573.0,55.0,114.0
886,1,627.0,681.0,1134.0,1199.0
886,2,821.0,560.0,61.0,108.0
887,1,620.0,685.0,1129.0,1199.0
887,2,821.0,556.0,61.0,102.0
888,1,613.0,689.0,1123.0,1199.0
888,2,821.0,551.0,62.0,102.0
889,1,605.0,692.0,1113.0,1199.0
889,2,820.0,547.0,64.0,99.0
890,1,596.0,695.0,1105.0,1199.0
890,2,819.0,545.0,61.0,97.0
891,1,589.0,696.0,1097.0,1199.0
891,2,819.0,543.0,65.0,96.0
892,1,584.0,695.0,1096.0,1199.0
892,2,819.0,543.0,61.0,95.0
893,1,578.0,695.0,1088.0,1199.0
893,2,820.0,542.0,59.0,92.0
894,1,572.0,696.0,1085.0,1199.0
894,2,821.0,542.0,61.0,95.0
895,1,566.0,697.0,1079.0,1199.0
895,2,819.0,546.0,59.0,95.0
896,1,565.0,695.0,1078.0,1199.0
896,2,818.0,546.0,61.0,96.0
897,1,561.0,696.0,1080.0,1199.0
897,2,818.0,541.0,60.0,94.0
898,1,561.0,695.0,1071.0,1199.0
898,2,817.0,537.0,65.0,95.0
899,1,560.0,697.0,1071.0,1199.0
899,2,816.0,530.0,70.0,87.0
900,1,564.0,697.0,1073.0,1196.0
900,2,813.0,519.0,70.0,82.0
901,1,565.0,701.0,1073.0,1196.0
901,2,809.0,504.0,78.0,78.0
902,1,571.0,703.0,1078.0,1196.0
902,2,801.0,490.0,79.0,69.0
903,1,579.0,703.0,1083.0,1199.0
903,2,793.0,475.0,88.0,69.0
904,1,586.0,704.0,1090.0,1199.0
904,2,784.0,457.0,92.0,64.0
905,1,597.0,704.0,1100.0,1196.0
905,2,772.0,440.0,101.0,58.0
906,1,608.0,703.0,1109.0,1199.0
906,2,766.0,419.0,109.0,50.0
907,1,618.0,703.0,1119.0,1199.0
907,2,763.0,395.0,121.0,40.0
908,1,629.0,701.0,1127.0,1199.0
908,2,763.0,371.0,128.0,29.0
909,1,638.0,700.0,1137.0,1199.0
909,2,762.0,358.0,141.0,22.0
910,1,647.0,698.0,1142.0,1199.0
910,2,765.0,344.0,147.0,16.0
911,1,655.0,696.0,1154.0,1199.0
911,2,765.0,327.0,158.0,7.0
912,1,670.0,688.0,1171.0,1199.0
912,2,767.0,297.0,176.0,0.0
913,1,690.0,674.0,1191.0,1199.0
913,2,766.0,269.0,211.0,0.0
914,1,711.0,658.0,1222.0,1199.0
914,2,764.0,246.0,230.0,0.0
915,1,744.0,630.0,1258.0,1199.0
915,2,762.0,227.0,256.0,0.0
916,1,791.0,588.0,1302.0,1199.0
916,2,757.0,217.0,269.0,0.0
917,1,841.0,539.0,1335.0,1199.0
917,2,753.0,208.0,280.0,0.0
918,1,891.0,489.0,1374.0,1199.0
918,2,751.0,200.0,291.0,0.0
919,1,941.0,437.0,1413.0,1199.0
919,2,750.0,194.0,298.0,0.0
920,1,978.0,398.0,1437.0,1194.0
920,2,749.0,194.0,299.0,0.0
921,1,1016.0,357.0,1423.0,1199.0
921,2,749.0,195.0,295.0,0.0
922,1,1046.0,318.0,1441.0,1199.0
922,2,749.0,199.0,290.0,0.0
923,1,1071.0,285.0,1444.0,1199.0
923,2,750.0,202.0,285.0,0.0
924,1,1070.0,268.0,1444.0,1199.0
924,2,751.0,206.0,277.0,0.0
925,1,1048.0,263.0,1440.0,1199.0
925,2,753.0,208.0,274.0,0.0
926,1,1030.0,255.0,1428.0,1199.0
926,2,754.0,209.0,274.0,0.0
927,1,1016.0,243.0,1420.0,1199.0
927,2,754.0,209.0,274.0,0.0
928,1,1005.0,230.0,1416.0,1199.0
928,2,753.0,209.0,274.0,0.0
929,1,996.0,218.0,1421.0,1199.0
929,2,750.0,209.0,273.0,0.0
930,1,981.0,212.0,1421.0,1199.0
930,2,749.0,204.0,273.0,0.0
931,1,959.0,212.0,1416.0,1199.0
931,2,745.0,204.0,274.0,0.0
932,1,939.0,210.0,1401.0,1199.0
932,2,742.0,199.0,281.0,0.0
933,1,926.0,205.0,1397.0,1199.0
933,2,739.0,195.0,285.0,0.0
934,1,924.0,196.0,1396.0,1199.0
934,2,736.0,190.0,290.0,0.0
935,1,921.0,183.0,1334.0,1071.0
935,2,732.0,189.0,294.0,0.0
936,1,918.0,168.0,1312.0,1015.0
936,2,730.0,185.0,295.0,0.0
937,1,904.0,160.0,1290.0,988.0
937,2,727.0,185.0,292.0,0.0
938,1,888.0,156.0,1271.0,966.0
938,2,724.0,184.0,291.0,0.0
939,1,879.0,154.0,1253.0,954.0
939,2,721.0,181.0,291.0,0.0
940,1,884.0,149.0,1247.0,959.0
940,2,716.0,179.0,294.0,0.0
941,1,902.0,141.0,1260.0,988.0
941,2,711.0,175.0,295.0,0.0
942,1,920.0,135.0,1280.0,1030.0
942,2,704.0,176.0,289.0,0.0
943,1,927.0,134.0,1284.0,1051.0
943,2,696.0,176.0,279.0,0.0
944,1,922.0,133.0,1284.0,1063.0
944,2,686.0,176.0,266.0,0.0
945,1,925.0,126.0,1284.0,1065.0
945,2,672.0,180.0,250.0,0.0
946,1,933.0,119.0,1284.0,1065.0
946,2,657.0,184.0,235.0,0.0
947,1,940.0,116.0,1284.0,1054.0
947,2,640.0,190.0,209.0,0.0
948,1,947.0,114.0,1284.0,1043.0
948,2,627.0,189.0,197.0,0.0
949,1,951.0,114.0,1279.0,1019.0
949,2,615.0,191.0,191.0,0.0
950,1,951.0,119.0,1278.0,1001.0
950,2,603.0,199.0,176.0,0.0
951,1,965.0,123.0,1278.0,974.0
951,2,592.0,212.0,162.0,5.0
952,1,981.0,128.0,1278.0,948.0
952,2,579.0,232.0,146.0,23.0
953,1,994.0,132.0,1278.0,926.0
953,2,561.0,261.0,133.0,39.0
954,1,1005.0,136.0,1278.0,899.0
954,2,545.0,288.0,112.0,61.0
955,1,1020.0,138.0,1285.0,896.0
955,2,528.0,318.0,92.0,78.0
956,1,1026.0,147.0,1297.0,913.0
956,2,522.0,336.0,77.0,86.0
957,1,1022.0,159.0,1303.0,939.0
957,2,526.0,343.0,74.0,90.0
958,1,1013.0,171.0,1309.0,972.0
958,2,527.0,354.0,73.0,96.0
959,1,1005.0,184.0,1315.0,1014.0
959,2,527.0,365.0,71.0,102.0
960,1,1002.0,196.0,1333.0,1066.0
960,2,525.0,380.0,61.0,109.0
961,1,1000.0,209.0,1353.0,1136.0
961,2,521.0,399.0,51.0,121.0
962,1,995.0,222.0,1384.0,1196.0
962,2,521.0,411.0,43.0,128.0
963,1,983.0,237.0,1393.0,1199.0
963,2,523.0,422.0,43.0,131.0
964,1,966.0,253.0,1397.0,1199.0
964,2,526.0,433.0,38.0,137.0
965,1,944.0,269.0,1386.0,1199.0
965,2,530.0,445.0,37.0,142.0
966,1,916.0,291.0,1371.0,1199.0
966,2,535.0,457.0,35.0,147.0
967,1,890.0,311.0,1355.0,1199.0
967,2,542.0,466.0,36.0,152.0
968,1,869.0,334.0,1340.0,1199.0
968,2,546.0,480.0,34.0,156.0
969,1,847.0,354.0,1330.0,1199.0
969,2,554.0,486.0,35.0,160.0
970,1,821.0,380.0,1319.0,1199.0
970,2,565.0,492.0,35.0,155.0
971,1,803.0,399.0,1311.0,1199.0
971,2,579.0,493.0,39.0,148.0
972,1,771.0,425.0,1304.0,1199.0
972,2,591.0,495.0,37.0,145.0
973,1,769.0,429.0,1292.0,1199.0
973,2,602.0,494.0,43.0,143.0
974,1,745.0,447.0,1277.0,1199.0
974,2,611.0,494.0,44.0,138.0
975,1,735.0,460.0,1258.0,1199.0
975,2,618.0,495.0,46.0,137.0
976,1,726.0,474.0,1241.0,1199.0
976,2,620.0,502.0,40.0,139.0
977,1,712.0,489.0,1228.0,1199.0
977,2,624.0,503.0,45.0,138.0
978,1,710.0,493.0,1223.0,1199.0
978,2,628.0,502.0,44.0,138.0
979,1,707.0,497.0,1218.0,1199.0
979,2,634.0,499.0,48.0,132.0
980,1,707.0,498.0,1216.0,1199.0
980,2,636.0,500.0,44.0,131.0
981,1,705.0,500.0,1211.0,1199.0
981,2,638.0,499.0,45.0,128.0
982,1,700.0,503.0,1203.0,1199.0
982,2,637.0,499.0,46.0,130.0
983,1,693.0,508.0,1192.0,1199.0
983,2,637.0,499.0,45.0,131.0
984,1,691.0,510.0,1185.0,1199.0
984,2,635.0,504.0,41.0,130.0
985,1,688.0,510.0,1179.0,1199.0
985,2,637.0,504.0,41.0,132.0
986,1,681.0,512.0,1171.0,1199.0
986,2,636.0,507.0,43.0,136.0
987,1,673.0,513.0,1154.0,1199.0
987,2,635.0,508.0,40.0,134.0
988,1,657.0,517.0,1139.0,1199.0
988,2,634.0,508.0,33.0,131.0
989,1,639.0,523.0,1118.0,1199.0
989,2,631.0,510.0,36.0,137.0
990,1,620.0,530.0,1097.0,1199.0
990,2,628.0,513.0,37.0,135.0
991,1,602.0,536.0,1076.0,1199.0
991,2,628.0,512.0,37.0,136.0
992,1,583.0,539.0,1061.0,1199.0
992,2,626.0,512.0,35.0,138.0
993,1,567.0,538.0,1084.0,1175.0
993,2,625.0,507.0,35.0,136.0
994,1,562.0,530.0,1085.0,1193.0
994,2,623.0,503.0,33.0,132.0
995,1,559.0,521.0,1085.0,1199.0
995,2,621.0,503.0,36.0,136.0
996,1,560.0,508.0,1087.0,1199.0
996,2,618.0,504.0,34.0,133.0
997,1,563.0,492.0,1092.0,1199.0
997,2,619.0,500.0,37.0,138.0
998,1,565.0,480.0,1097.0,1199.0
998,2,608.0,490.0,40.0,137.0
999,1,561.0,480.0,1096.0,1199.0
999,2,609.0,499.0,39.0,138.0
1000,1,585.0,460.0,1096.0,1199.0
1000,2,613.0,495.0,39.0,138.0
1001,1,578.0,447.0,1096.0,1199.0
1001,2,608.0,499.0,38.0,138.0
1002,1,577.0,441.0,1096.0,1199.0
1002,2,609.0,498.0,37.0,136.0
1003,1,583.0,432.0,1096.0,1199.0
1003,2,608.0,499.0,34.0,133.0
1004,1,587.0,428.0,1094.0,1199.0
1004,2,609.0,496.0,34.0,137.0
1005,1,596.0,425.0,1094.0,1199.0
1005,2,609.0,495.0,37.0,136.0
1006,1,605.0,423.0,1097.0,1199.0
1006,2,609.0,495.0,36.0,134.0
1007,1,615.0,420.0,1098.0,1199.0
1007,2,609.0,494.0,37.0,135.0
1008,1,620.0,420.0,1098.0,1199.0
1008,2,606.0,499.0,38.0,137.0
1009,1,625.0,424.0,1097.0,1199.0
1009,2,607.0,499.0,34.0,133.0
1010,1,633.0,431.0,1089.0,1199.0
1010,2,607.0,499.0,38.0,134.0
1011,1,635.0,442.0,1088.0,1199.0
1011,2,606.0,499.0,37.0,136.0
1012,1,641.0,453.0,1082.0,1199.0
1012,2,606.0,494.0,35.0,133.0
1013,1,640.0,469.0,1070.0,1199.0
1013,2,603.0,493.0,39.0,132.0
1014,1,636.0,485.0,1063.0,1199.0
1014,2,600.0,491.0,40.0,133.0
1015,1,628.0,502.0,1045.0,1199.0
1015,2,599.0,486.0,38.0,133.0
1016,1,622.0,518.0,1034.0,1199.0
1016,2,596.0,486.0,40.0,132.0
1017,1,613.0,535.0,1020.0,1199.0
1017,2,594.0,482.0,40.0,129.0
1018,1,609.0,549.0,1009.0,1199.0
1018,2,593.0,480.0,38.0,128.0
1019,1,608.0,561.0,1000.0,1199.0
1019,2,592.0,480.0,39.0,128.0
1020,1,600.0,577.0,993.0,1199.0
1020,2,592.0,480.0,40.0,127.0
1021,1,596.0,591.0,988.0,1199.0
1021,2,595.0,475.0,41.0,127.0
1022,1,594.0,602.0,982.0,1199.0
1022,2,595.0,476.0,42.0,124.0
1023,1,590.0,615.0,974.0,1199.0
1023,2,595.0,477.0,39.0,123.0
1024,1,593.0,621.0,972.0,1199.0
1024,2,594.0,480.0,39.0,124.0
1025,1,594.0,627.0,972.0,1199.0
1025,2,596.0,479.0,40.0,124.0
1026,1,601.0,628.0,977.0,1199.0
1026,2,595.0,480.0,37.0,128.0
1027,1,613.0,624.0,988.0,1199.0
1027,2,593.0,482.0,37.0,127.0
1028,1,631.0,616.0,1003.0,1199.0
1028,2,594.0,480.0,38.0,128.0
1029,1,653.0,605.0,1023.0,1199.0
1029,2,593.0,481.0,39.0,129.0
1030,1,678.0,593.0,1049.0,1199.0
1030,2,592.0,481.0,37.0,128.0
1031,1,697.0,583.0,1074.0,1199.0
1031,2,590.0,484.0,34.0,128.0
1032,1,715.0,573.0,1092.0,1199.0
1032,2,590.0,484.0,33.0,128.0
1033,1,729.0,568.0,1106.0,1199.0
1033,2,590.0,484.0,35.0,130.0
1034,1,743.0,564.0,1120.0,1199.0
1034,2,590.0,482.0,37.0,128.0
1035,1,765.0,555.0,1138.0,1199.0
1035,2,589.0,481.0,35.0,128.0
1036,1,789.0,543.0,1161.0,1199.0
1036,2,588.0,480.0,34.0,128.0
1037,1,815.0,528.0,1185.0,1199.0
1037,2,588.0,480.0,38.0,129.0
1038,1,840.0,514.0,1214.0,1199.0
1038,2,588.0,480.0,35.0,130.0
1039,1,858.0,504.0,1235.0,1199.0
1039,2,588.0,480.0,38.0,129.0
1040,1,872.0,497.0,1261.0,1199.0
1040,2,588.0,480.0,37.0,129.0
1041,1,883.0,491.0,1270.0,1199.0
1041,2,587.0,482.0,38.0,132.0
1042,1,896.0,485.0,1284.0,1199.0
1042,2,587.0,482.0,38.0,132.0
1043,1,908.0,479.0,1297.0,1199.0
1043,2,587.0,482.0,37.0,133.0
1044,1,924.0,470.0,1317.0,1199.0
1044,2,587.0,483.0,38.0,132.0
1045,1,939.0,461.0,1331.0,1199.0
1045,2,588.0,482.0,38.0,129.0
1046,1,946.0,457.0,1341.0,1199.0
1046,2,587.0,484.0,38.0,132.0
1047,1,953.0,455.0,1353.0,1199.0
1047,2,587.0,485.0,34.0,131.0
1048,1,963.0,452.0,1355.0,1199.0
1048,2,587.0,485.0,36.0,132.0
1049,1,970.0,451.0,1366.0,1199.0
1049,2,588.0,484.0,36.0,132.0
1050,1,974.0,452.0,1371.0,1199.0
1050,2,588.0,487.0,35.0,132.0
1051,1,981.0,451.0,1381.0,1199.0
1051,2,589.0,490.0,35.0,132.0
1052,1,984.0,451.0,1386.0,1199.0
1052,2,590.0,492.0,33.0,132.0
1053,1,989.0,450.0,1387.0,1199.0
1053,2,591.0,493.0,34.0,130.0
1054,1,989.0,452.0,1388.0,1199.0
1054,2,591.0,493.0,34.0,133.0
1055,1,989.0,454.0,1387.0,1199.0
1055,2,591.0,493.0,31.0,130.0
1056,1,984.0,458.0,1385.0,1199.0
1056,2,591.0,494.0,31.0,130.0
1057,1,983.0,460.0,1384.0,1199.0
1057,2,591.0,494.0,31.0,129.0
1058,1,980.0,462.0,1382.0,1199.0
1058,2,593.0,493.0,31.0,129.0
1059,1,979.0,463.0,1383.0,1199.0
1059,2,593.0,494.0,26.0,126.0
1060,1,983.0,461.0,1386.0,1199.0
1060,2,593.0,494.0,27.0,126.0
1061,1,984.0,461.0,1390.0,1199.0
1061,2,593.0,494.0,28.0,128.0
1062,1,984.0,462.0,1389.0,1199.0
1062,2,592.0,496.0,27.0,125.0
1063,1,979.0,466.0,1380.0,1199.0
1063,2,595.0,494.0,33.0,129.0
1064,1,977.0,468.0,1378.0,1199.0
1064,2,595.0,498.0,32.0,130.0
1065,1,977.0,469.0,1382.0,1199.0
1065,2,595.0,502.0,29.0,130.0
1066,1,983.0,467.0,1376.0,1199.0
1066,2,596.0,502.0,27.0,133.0
1067,1,984.0,466.0,1384.0,1196.0
1067,2,596.0,502.0,27.0,133.0
1068,1,986.0,464.0,1384.0,1194.0
1068,2,596.0,501.0,27.0,132.0
1069,1,983.0,465.0,1374.0,1196.0
1069,2,596.0,501.0,28.0,131.0
1070,1,978.0,469.0,1374.0,1196.0
1070,2,596.0,502.0,31.0,133.0
1071,1,978.0,471.0,1371.0,1196.0
1071,2,597.0,504.0,33.0,133.0
1072,1,980.0,471.0,1371.0,1196.0
1072,2,599.0,503.0,29.0,134.0
1073,1,983.0,470.0,1369.0,1195.0
1073,2,601.0,504.0,33.0,133.0
1074,1,986.0,470.0,1372.0,1194.0
1074,2,602.0,507.0,30.0,133.0
1075,1,986.0,469.0,1366.0,1193.0
1075,2,606.0,507.0,32.0,133.0
1076,1,985.0,467.0,1353.0,1199.0
1076,2,609.0,510.0,31.0,132.0
1077,1,981.0,468.0,1354.0,1194.0
1077,2,613.0,511.0,31.0,129.0
1078,1,987.0,465.0,1358.0,1194.0
1078,2,619.0,509.0,39.0,127.0
1079,1,991.0,463.0,1353.0,1199.0
1079,2,622.0,508.0,43.0,124.0
1080,1,996.0,462.0,1368.0,1193.0
1080,2,627.0,504.0,47.0,121.0
1081,1,1002.0,461.0,1353.0,1199.0
1081,2,631.0,502.0,50.0,116.0
1082,1,1002.0,461.0,1352.0,1199.0
1082,2,634.0,499.0,50.0,112.0
1083,1,997.0,461.0,1346.0,1199.0
1083,2,636.0,494.0,53.0,111.0
1084,1,990.0,462.0,1353.0,1195.0
1084,2,635.0,493.0,52.0,105.0
1085,1,993.0,461.0,1347.0,1199.0
1085,2,635.0,491.0,53.0,105.0
1086,1,1002.0,458.0,1346.0,1199.0
1086,2,637.0,486.0,57.0,104.0
1087,1,1002.0,457.0,1345.0,1199.0
1087,2,636.0,484.0,59.0,104.0
1088,1,997.0,457.0,1340.0,1199.0
1088,2,638.0,480.0,60.0,100.0
1089,1,989.0,459.0,1333.0,1199.0
1089,2,638.0,480.0,59.0,97.0
1090,1,975.0,465.0,1324.0,1199.0
1090,2,640.0,479.0,60.0,100.0
1091,1,955.0,475.0,1308.0,1199.0
1091,2,640.0,481.0,60.0,100.0
1092,1,943.0,482.0,1295.0,1199.0
1092,2,640.0,483.0,59.0,97.0
1093,1,929.0,490.0,1283.0,1199.0
1093,2,642.0,482.0,60.0,97.0
1094,1,916.0,497.0,1269.0,1199.0
1094,2,643.0,482.0,62.0,98.0
1095,1,900.0,505.0,1256.0,1199.0
1095,2,644.0,482.0,63.0,97.0
1096,1,883.0,513.0,1245.0,1199.0
1096,2,646.0,481.0,64.0,97.0
1097,1,871.0,518.0,1232.0,1199.0
1097,2,646.0,482.0,62.0,96.0
1098,1,859.0,524.0,1223.0,1199.0
1098,2,646.0,483.0,62.0,97.0
1099,1,854.0,527.0,1218.0,1199.0
1099,2,646.0,483.0,63.0,97.0
1100,1,855.0,527.0,1218.0,1199.0
1100,2,647.0,482.0,63.0,97.0
1101,1,857.0,525.0,1220.0,1199.0
1101,2,646.0,484.0,63.0,98.0
1102,1,857.0,523.0,1221.0,1199.0
1102,2,647.0,484.0,64.0,97.0
1103,1,854.0,522.0,1222.0,1199.0
1103,2,648.0,483.0,64.0,96.0
1104,1,850.0,520.0,1218.0,1199.0
1104,2,650.0,480.0,63.0,95.0
1105,1,841.0,521.0,1214.0,1199.0
1105,2,650.0,480.0,65.0,97.0
1106,1,833.0,521.0,1210.0,1199.0
1106,2,650.0,480.0,59.0,94.0
1107,1,827.0,519.0,1204.0,1199.0
1107,2,650.0,480.0,61.0,96.0
1108,1,815.0,520.0,1198.0,1199.0
1108,2,648.0,484.0,64.0,97.0
1109,1,812.0,515.0,1197.0,1199.0
1109,2,648.0,485.0,58.0,96.0
1110,1,805.0,512.0,1194.0,1199.0
1110,2,648.0,486.0,58.0,96.0
1111,1,796.0,510.0,1196.0,1199.0
1111,2,647.0,486.0,60.0,97.0
1112,1,788.0,505.0,1191.0,1199.0
1112,2,646.0,485.0,58.0,96.0
1113,1,781.0,498.0,1192.0,1199.0
1113,2,644.0,485.0,55.0,94.0
1114,1,778.0,491.0,1191.0,1199.0
1114,2,643.0,484.0,59.0,98.0
1115,1,778.0,486.0,1193.0,1199.0
1115,2,643.0,482.0,59.0,95.0
1116,1,782.0,482.0,1197.0,1199.0
1116,2,643.0,480.0,58.0,94.0
1117,1,794.0,475.0,1207.0,1199.0
1117,2,642.0,480.0,59.0,94.0
1118,1,805.0,469.0,1217.0,1199.0
1118,2,640.0,480.0,59.0,95.0
1119,1,808.0,467.0,1221.0,1199.0
1119,2,640.0,480.0,59.0,96.0
1120,1,813.0,465.0,1221.0,1199.0
1120,2,640.0,481.0,55.0,96.0
1121,1,815.0,466.0,1221.0,1199.0
1121,2,639.0,487.0,58.0,98.0
1122,1,806.0,472.0,1220.0,1199.0
1122,2,640.0,492.0,57.0,100.0
1123,1,805.0,473.0,1220.0,1199.0
1123,2,643.0,493.0,55.0,99.0
1124,1,808.0,472.0,1222.0,1199.0
1124,2,645.0,493.0,58.0,97.0
1125,1,815.0,468.0,1226.0,1199.0
1125,2,646.0,494.0,58.0,97.0
1126,1,818.0,466.0,1230.0,1199.0
1126,2,647.0,494.0,58.0,100.0
1127,1,822.0,461.0,1234.0,1199.0
1127,2,647.0,497.0,57.0,98.0
1128,1,819.0,460.0,1234.0,1199.0
1128,2,646.0,499.0,54.0,100.0
1129,1,815.0,459.0,1234.0,1199.0
1129,2,646.0,499.0,52.0,100.0
1130,1,815.0,456.0,1235.0,1199.0
1130,2,646.0,498.0,55.0,100.0
1131,1,814.0,452.0,1237.0,1199.0
1131,2,644.0,499.0,51.0,100.0
1132,1,818.0,445.0,1273.0,1194.0
1132,2,641.0,499.0,48.0,100.0
1133,1,817.0,440.0,1284.0,1195.0
1133,2,637.0,500.0,50.0,102.0
1134,1,819.0,433.0,1290.0,1199.0
1134,2,634.0,500.0,48.0,105.0
1135,1,816.0,428.0,1292.0,1199.0
1135,2,630.0,500.0,50.0,105.0
1136,1,815.0,422.0,1292.0,1199.0
1136,2,623.0,501.0,43.0,108.0
1137,1,816.0,416.0,1291.0,1199.0
1137,2,617.0,499.0,39.0,109.0
1138,1,817.0,412.0,1290.0,1199.0
1138,2,610.0,496.0,38.0,111.0
1139,1,819.0,407.0,1291.0,1199.0
1139,2,604.0,495.0,39.0,110.0
1140,1,822.0,403.0,1297.0,1199.0
1140,2,597.0,494.0,36.0,114.0
1141,1,829.0,398.0,1300.0,1199.0
1141,2,593.0,493.0,34.0,114.0
1142,1,834.0,396.0,1308.0,1199.0
1142,2,587.0,497.0,31.0,119.0
1143,1,841.0,395.0,1313.0,1199.0
1143,2,580.0,503.0,25.0,124.0
1144,1,846.0,396.0,1321.0,1199.0
1144,2,575.0,508.0,17.0,128.0
1145,1,855.0,395.0,1329.0,1199.0
1145,2,571.0,512.0,17.0,133.0
1146,1,865.0,393.0,1340.0,1199.0
1146,2,568.0,518.0,17.0,136.0
1147,1,871.0,394.0,1347.0,1199.0
1147,2,561.0,530.0,17.0,147.0
1148,1,878.0,397.0,1354.0,1199.0
1148,2,553.0,541.0,11.0,158.0
1149,1,879.0,402.0,1356.0,1199.0
1149,2,545.0,551.0,0.0,162.0
1150,1,882.0,407.0,1366.0,1199.0
1150,2,540.0,557.0,0.0,170.0
1151,1,890.0,408.0,1375.0,1199.0
1151,2,531.0,568.0,0.0,180.0
1152,1,898.0,409.0,1383.0,1199.0
1152,2,515.0,589.0,0.0,198.0
1153,1,908.0,409.0,1391.0,1199.0
1153,2,500.0,606.0,0.0,217.0
1154,1,922.0,407.0,1397.0,1196.0
1154,2,489.0,622.0,0.0,233.0
1155,1,934.0,406.0,1403.0,1194.0
1155,2,483.0,630.0,0.0,242.0
1156,1,941.0,407.0,1368.0,1199.0
1156,2,478.0,638.0,0.0,248.0
1157,1,946.0,409.0,1371.0,1199.0
1157,2,477.0,641.0,0.0,251.0
1158,1,959.0,407.0,1377.0,1199.0
1158,2,476.0,643.0,0.0,253.0
1159,1,965.0,407.0,1384.0,1199.0
1159,2,475.0,644.0,0.0,258.0
1160,1,977.0,405.0,1390.0,1199.0
1160,2,471.0,649.0,0.0,260.0
1161,1,986.0,404.0,1394.0,1199.0
1161,2,471.0,649.0,0.0,264.0
1162,1,991.0,404.0,1399.0,1199.0
1162,2,468.0,652.0,0.0,266.0
1163,1,996.0,404.0,1404.0,1199.0
1163,2,467.0,653.0,0.0,268.0
1164,1,997.0,406.0,1407.0,1199.0
1164,2,466.0,654.0,0.0,271.0
1165,1,996.0,410.0,1403.0,1199.0
1165,2,465.0,656.0,0.0,272.0
1166,1,996.0,413.0,1403.0,1199.0
1166,2,463.0,659.0,0.0,277.0
1167,1,990.0,419.0,1396.0,1199.0
1167,2,459.0,664.0,0.0,280.0
1168,1,990.0,422.0,1388.0,1199.0
1168,2,456.0,667.0,0.0,283.0
1169,1,990.0,423.0,1389.0,1199.0
1169,2,455.0,668.0,0.0,287.0
1170,1,990.0,424.0,1387.0,1199.0
1170,2,453.0,670.0,0.0,290.0
1171,1,989.0,428.0,1387.0,1199.0
1171,2,451.0,671.0,0.0,294.0
1172,1,996.0,429.0,1387.0,1199.0
1172,2,449.0,672.0,0.0,295.0
1173,1,999.0,431.0,1390.0,1199.0
1173,2,446.0,675.0,0.0,298.0
1174,1,1004.0,432.0,1394.0,1196.0
1174,2,444.0,677.0,0.0,301.0
1175,1,1009.0,433.0,1395.0,1196.0
1175,2,441.0,680.0,0.0,301.0
1176,1,1009.0,437.0,1391.0,1199.0
1176,2,439.0,681.0,0.0,303.0
1177,1,1014.0,439.0,1392.0,1199.0
1177,2,437.0,682.0,0.0,309.0
1178,1,1017.0,444.0,1392.0,1199.0
1178,2,432.0,685.0,0.0,312.0
1179,1,1021.0,447.0,1392.0,1199.0
1179,2,428.0,689.0,0.0,315.0
1180,1,1021.0,452.0,1392.0,1199.0
1180,2,428.0,688.0,0.0,318.0
1181,1,1022.0,457.0,1400.0,1195.0
1181,2,426.0,690.0,0.0,322.0
1182,1,1021.0,462.0,1395.0,1199.0
1182,2,423.0,693.0,0.0,322.0
1183,1,1022.0,467.0,1424.0,1194.0
1183,2,421.0,695.0,0.0,327.0
1184,1,1022.0,472.0,1423.0,1195.0
1184,2,415.0,702.0,0.0,338.0
1185,1,1024.0,476.0,1421.0,1195.0
1185,2,408.0,709.0,0.0,351.0
1186,1,1029.0,477.0,1421.0,1196.0
1186,2,403.0,715.0,0.0,358.0
1187,1,1028.0,480.0,1425.0,1195.0
1187,2,396.0,723.0,0.0,367.0
1188,1,1029.0,482.0,1417.0,1199.0
1188,2,390.0,729.0,0.0,378.0
1189,1,1028.0,484.0,1423.0,1195.0
1189,2,384.0,734.0,0.0,387.0
1190,1,1025.0,487.0,1413.0,1199.0
1190,2,375.0,741.0,0.0,398.0
1191,1,1022.0,490.0,1411.0,1199.0
1191,2,365.0,751.0,0.0,413.0
1192,1,1022.0,491.0,1411.0,1199.0
1192,2,358.0,757.0,0.0,424.0
1193,1,1023.0,491.0,1413.0,1199.0
1193,2,353.0,760.0,0.0,430.0
1194,1,1026.0,491.0,1414.0,1199.0
1194,2,350.0,761.0,0.0,435.0
1195,1,1023.0,493.0,1417.0,1199.0
1195,2,348.0,759.0,0.0,435.0
1196,1,1027.0,491.0,1423.0,1196.0
1196,2,348.0,754.0,0.0,430.0
1197,1,1027.0,491.0,1417.0,1199.0
1197,2,347.0,751.0,0.0,426.0
1198,1,1027.0,492.0,1415.0,1199.0
1198,2,347.0,747.0,0.0,425.0
1199,1,1023.0,494.0,1422.0,1196.0
1199,2,348.0,742.0,0.0,423.0
1200,1,1023.0,494.0,1416.0,1199.0
1200,2,350.0,737.0,0.0,416.0
1201,1,1022.0,495.0,1423.0,1196.0
1201,2,354.0,733.0,0.0,412.0
1202,1,1015.0,499.0,1426.0,1194.0
1202,2,359.0,728.0,0.0,401.0
1203,1,1015.0,499.0,1421.0,1195.0
1203,2,366.0,722.0,0.0,391.0
1204,1,1013.0,501.0,1415.0,1199.0
1204,2,375.0,714.0,0.0,380.0
1205,1,1009.0,504.0,1412.0,1199.0
1205,2,388.0,701.0,0.0,359.0
1206,1,1008.0,506.0,1410.0,1199.0
1206,2,397.0,691.0,0.0,348.0
1207,1,1010.0,506.0,1413.0,1199.0
1207,2,408.0,678.0,0.0,331.0
1208,1,1012.0,505.0,1416.0,1199.0
1208,2,418.0,667.0,0.0,316.0
1209,1,1014.0,504.0,1416.0,1199.0
1209,2,427.0,659.0,0.0,306.0
1210,1,1013.0,505.0,1425.0,1195.0
1210,2,434.0,654.0,0.0,299.0
1211,1,1013.0,506.0,1425.0,1195.0
1211,2,444.0,646.0,0.0,281.0
1212,1,1014.0,506.0,1416.0,1199.0
1212,2,455.0,635.0,0.0,270.0
1213,1,1013.0,507.0,1424.0,1195.0
1213,2,465.0,625.0,0.0,255.0
1214,1,1015.0,506.0,1415.0,1199.0
1214,2,468.0,623.0,0.0,251.0
1215,1,1016.0,506.0,1422.0,1195.0
1215,2,472.0,621.0,0.0,247.0
1216,1,1013.0,508.0,1419.0,1199.0
1216,2,473.0,623.0,0.0,246.0
1217,1,1015.0,507.0,1420.0,1199.0
1217,2,475.0,620.0,0.0,246.0
1218,1,1013.0,509.0,1425.0,1195.0
1218,2,475.0,619.0,0.0,244.0
1219,1,1015.0,508.0,1428.0,1195.0
1219,2,476.0,616.0,0.0,243.0
1220,1,1018.0,507.0,1423.0,1199.0
1220,2,478.0,613.0,0.0,237.0
1221,1,1021.0,506.0,1428.0,1195.0
1221,2,480.0,611.0,0.0,234.0
1222,1,1025.0,504.0,1430.0,1196.0
1222,2,481.0,611.0,0.0,234.0
1223,1,1028.0,502.0,1433.0,1195.0
1223,2,482.0,611.0,0.0,233.0
1224,1,1033.0,499.0,1436.0,1195.0
1224,2,484.0,609.0,0.0,230.0
1225,1,1033.0,499.0,1435.0,1199.0
1225,2,486.0,607.0,0.0,228.0
1226,1,1035.0,497.0,1440.0,1195.0
1226,2,485.0,608.0,0.0,231.0
1227,1,1040.0,494.0,1435.0,1199.0
1227,2,486.0,607.0,0.0,230.0
1228,1,1040.0,493.0,1429.0,1199.0
1228,2,487.0,606.0,0.0,229.0
1229,1,1041.0,492.0,1432.0,1199.0
1229,2,485.0,608.0,0.0,230.0
1230,1,1040.0,492.0,1429.0,1199.0
1230,2,486.0,606.0,0.0,229.0
1231,1,1036.0,493.0,1440.0,1194.0
1231,2,486.0,606.0,0.0,230.0
1232,1,1036.0,492.0,1431.0,1199.0
1232,2,487.0,604.0,0.0,230.0
1233,1,1033.0,492.0,1435.0,1194.0
1233,2,487.0,605.0,0.0,230.0
1234,1,1034.0,490.0,1428.0,1199.0
1234,2,488.0,606.0,0.0,230.0
1235,1,1031.0,490.0,1430.0,1196.0
1235,2,489.0,606.0,0.0,229.0
1236,1,1027.0,491.0,1434.0,1195.0
1236,2,489.0,607.0,0.0,229.0
1237,1,1021.0,493.0,1423.0,1199.0
1237,2,490.0,607.0,0.0,228.0
1238,1,1015.0,495.0,1426.0,1194.0
1238,2,490.0,607.0,0.0,229.0
1239,1,1015.0,493.0,1427.0,1194.0
1239,2,489.0,606.0,0.0,230.0
1240,1,1012.0,493.0,1414.0,1199.0
1240,2,490.0,604.0,0.0,229.0
1241,1,1011.0,492.0,1421.0,1196.0
1241,2,488.0,606.0,0.0,227.0
1242,1,1010.0,491.0,1417.0,1199.0
1242,2,490.0,603.0,0.0,226.0
1243,1,1008.0,491.0,1417.0,1199.0
1243,2,491.0,602.0,0.0,225.0
1244,1,1009.0,489.0,1416.0,1199.0
1244,2,491.0,602.0,0.0,225.0
1245,1,1007.0,489.0,1422.0,1195.0
1245,2,491.0,603.0,0.0,223.0
1246,1,1007.0,488.0,1421.0,1195.0
1246,2,493.0,601.0,0.0,223.0
1247,1,1009.0,486.0,1416.0,1199.0
1247,2,494.0,601.0,0.0,222.0
1248,1,1009.0,486.0,1415.0,1199.0
1248,2,495.0,601.0,0.0,222.0
1249,1,1010.0,485.0,1422.0,1196.0
1249,2,496.0,599.0,0.0,219.0
1250,1,1010.0,485.0,1419.0,1199.0
1250,2,497.0,598.0,0.0,216.0
1251,1,1009.0,486.0,1419.0,1199.0
1251,2,497.0,599.0,0.0,214.0
1252,1,1013.0,484.0,1421.0,1199.0
1252,2,498.0,597.0,0.0,213.0
1253,1,1015.0,483.0,1427.0,1199.0
1253,2,498.0,596.0,0.0,214.0
1254,1,1014.0,484.0,1425.0,1199.0
1254,2,499.0,594.0,0.0,213.0
1255,1,1015.0,484.0,1427.0,1195.0
1255,2,499.0,595.0,0.0,213.0
1256,1,1014.0,485.0,1432.0,1194.0
1256,2,498.0,597.0,0.0,213.0
1257,1,1016.0,484.0,1432.0,1195.0
1257,2,500.0,596.0,0.0,215.0
1258,1,1014.0,485.0,1434.0,1193.0
1258,2,500.0,597.0,0.0,214.0
1259,1,1015.0,484.0,1430.0,1195.0
1259,2,500.0,597.0,0.0,215.0
1260,1,1016.0,483.0,1427.0,1199.0
1260,2,500.0,596.0,0.0,213.0
1261,1,1016.0,483.0,1424.0,1199.0
1261,2,498.0,597.0,0.0,211.0
1262,1,1015.0,483.0,1429.0,1193.0
1262,2,498.0,595.0,0.0,213.0
1263,1,1014.0,483.0,1428.0,1195.0
1263,2,497.0,595.0,0.0,212.0
1264,1,1011.0,484.0,1422.0,1199.0
1264,2,498.0,592.0,0.0,211.0
1265,1,1008.0,485.0,1431.0,1193.0
1265,2,498.0,592.0,0.0,212.0
1266,1,1008.0,484.0,1427.0,1196.0
1266,2,497.0,591.0,0.0,213.0
1267,1,1007.0,484.0,1428.0,1195.0
1267,2,498.0,589.0,0.0,212.0
1268,1,1006.0,484.0,1420.0,1199.0
1268,2,497.0,590.0,0.0,211.0
1269,1,1005.0,484.0,1420.0,1199.0
1269,2,500.0,587.0,0.0,210.0
1270,1,1004.0,484.0,1425.0,1195.0
1270,2,501.0,587.0,0.0,208.0
1271,1,1003.0,484.0,1418.0,1199.0
1271,2,502.0,587.0,0.0,211.0
1272,1,1002.0,484.0,1419.0,1199.0
1272,2,503.0,586.0,0.0,208.0
1273,1,1002.0,484.0,1418.0,1199.0
1273,2,504.0,586.0,0.0,207.0
1274,1,1004.0,483.0,1425.0,1195.0
1274,2,507.0,583.0,0.0,201.0
1275,1,1004.0,483.0,1426.0,1195.0
1275,2,511.0,578.0,0.0,198.0
1276,1,1004.0,483.0,1421.0,1199.0
1276,2,515.0,573.0,0.0,192.0
1277,1,1006.0,482.0,1425.0,1195.0
1277,2,521.0,565.0,0.0,183.0
1278,1,1008.0,481.0,1435.0,1193.0
1278,2,528.0,556.0,0.0,178.0
1279,1,1009.0,481.0,1432.0,1193.0
1279,2,531.0,553.0,9.0,176.0
1280,1,1010.0,481.0,1434.0,1193.0
1280,2,536.0,548.0,0.0,168.0
1281,1,1010.0,482.0,1426.0,1199.0
1281,2,539.0,546.0,7.0,167.0
1282,1,1011.0,482.0,1426.0,1199.0
1282,2,541.0,544.0,9.0,166.0
1283,1,1013.0,482.0,1427.0,1199.0
1283,2,543.0,543.0,8.0,166.0
1284,1,1015.0,482.0,1428.0,1199.0
1284,2,545.0,542.0,10.0,163.0
1285,1,1015.0,484.0,1427.0,1199.0
1285,2,547.0,541.0,11.0,162.0
1286,1,1015.0,486.0,1436.0,1193.0
1286,2,550.0,540.0,13.0,161.0
1287,1,1016.0,487.0,1436.0,1193.0
1287,2,555.0,537.0,10.0,155.0
1288,1,1016.0,489.0,1437.0,1193.0
1288,2,563.0,531.0,16.0,151.0
1289,1,1018.0,490.0,1437.0,1194.0
1289,2,569.0,525.0,16.0,143.0
1290,1,1019.0,492.0,1430.0,1199.0
1290,2,574.0,521.0,25.0,140.0
1291,1,1021.0,493.0,1431.0,1199.0
1291,2,581.0,515.0,26.0,134.0
1292,1,1021.0,495.0,1432.0,1199.0
1292,2,590.0,506.0,31.0,126.0
1293,1,1020.0,497.0,1429.0,1199.0
1293,2,597.0,498.0,36.0,119.0
1294,1,1023.0,497.0,1435.0,1199.0
1294,2,605.0,488.0,40.0,112.0
1295,1,1025.0,497.0,1434.0,1199.0
1295,2,614.0,476.0,45.0,103.0
1296,1,1028.0,496.0,1432.0,1199.0
1296,2,616.0,472.0,48.0,96.0
1297,1,1027.0,497.0,1434.0,1199.0
1297,2,618.0,466.0,51.0,95.0
1298,1,1029.0,497.0,1434.0,1199.0
1298,2,619.0,462.0,54.0,95.0
1299,1,1030.0,498.0,1436.0,1199.0
1299,2,621.0,456.0,57.0,89.0
1300,1,1033.0,497.0,1438.0,1199.0
1300,2,625.0,447.0,58.0,86.0
1301,1,1034.0,497.0,1435.0,1199.0
1301,2,624.0,447.0,61.0,84.0
1302,1,1035.0,497.0,1440.0,1199.0
1302,2,624.0,444.0,62.0,82.0
1303,1,1036.0,497.0,1442.0,1199.0
1303,2,622.0,443.0,63.0,84.0
1304,1,1038.0,496.0,1445.0,1199.0
1304,2,620.0,441.0,63.0,83.0
1305,1,1040.0,495.0,1447.0,1199.0
1305,2,617.0,440.0,62.0,85.0
1306,1,1040.0,496.0,1454.0,1199.0
1306,2,615.0,437.0,61.0,87.0
1307,1,1041.0,496.0,1446.0,1199.0
1307,2,612.0,434.0,62.0,86.0
1308,1,1042.0,496.0,1446.0,1199.0
1308,2,609.0,433.0,63.0,86.0
1309,1,1041.0,497.0,1447.0,1199.0
1309,2,605.0,433.0,64.0,85.0
1310,1,1045.0,495.0,1453.0,1199.0
1310,2,603.0,432.0,59.0,86.0
1311,1,1044.0,496.0,1452.0,1199.0
1311,2,602.0,432.0,59.0,86.0
1312,1,1046.0,495.0,1451.0,1199.0
1312,2,601.0,433.0,58.0,87.0
1313,1,1046.0,495.0,1454.0,1195.0
1313,2,600.0,434.0,59.0,86.0
1314,1,1046.0,495.0,1453.0,1199.0
1314,2,599.0,435.0,59.0,90.0
1315,1,1046.0,495.0,1448.0,1199.0
1315,2,599.0,434.0,58.0,89.0
1316,1,1044.0,496.0,1452.0,1199.0
1316,2,598.0,435.0,58.0,89.0
1317,1,1042.0,497.0,1447.0,1199.0
1317,2,598.0,434.0,56.0,89.0
1318,1,1042.0,497.0,1451.0,1195.0
1318,2,596.0,436.0,59.0,88.0
1319,1,1043.0,496.0,1450.0,1199.0
1319,2,597.0,434.0,57.0,88.0
1320,1,1041.0,497.0,1450.0,1195.0
1320,2,596.0,434.0,56.0,91.0
1321,1,1042.0,496.0,1445.0,1199.0
1321,2,596.0,433.0,59.0,90.0
1322,1,1040.0,497.0,1450.0,1195.0
1322,2,596.0,433.0,56.0,89.0
1323,1,1040.0,497.0,1450.0,1196.0
1323,2,596.0,434.0,58.0,88.0
1324,1,1040.0,497.0,1444.0,1199.0
1324,2,595.0,437.0,57.0,90.0
1325,1,1040.0,498.0,1443.0,1199.0
1325,2,596.0,436.0,58.0,87.0
1326,1,1042.0,498.0,1447.0,1199.0
1326,2,597.0,435.0,57.0,86.0
1327,1,1046.0,497.0,1452.0,1199.0
1327,2,597.0,434.0,58.0,86.0
1328,1,1047.0,498.0,1450.0,1199.0
1328,2,597.0,434.0,58.0,86.0
1329,1,1048.0,499.0,1449.0,1199.0
1329,2,597.0,434.0,58.0,87.0
1330,1,1051.0,499.0,1451.0,1199.0
1330,2,597.0,434.0,58.0,86.0
1331,1,1053.0,500.0,1450.0,1199.0
1331,2,597.0,433.0,59.0,86.0
1332,1,1057.0,500.0,1449.0,1199.0
1332,2,597.0,433.0,58.0,86.0
1333,1,1058.0,502.0,1455.0,1199.0
1333,2,596.0,434.0,58.0,86.0
1334,1,1063.0,502.0,1458.0,1199.0
1334,2,596.0,433.0,60.0,86.0
1335,1,1068.0,502.0,1456.0,1199.0
1335,2,595.0,433.0,61.0,87.0
1336,1,1071.0,503.0,1469.0,1193.0
1336,2,594.0,434.0,58.0,86.0
1337,1,1070.0,506.0,1467.0,1199.0
1337,2,593.0,433.0,60.0,89.0
1338,1,1075.0,506.0,1465.0,1199.0
1338,2,591.0,434.0,59.0,88.0
1339,1,1077.0,507.0,1467.0,1199.0
1339,2,589.0,435.0,57.0,91.0
1340,1,1078.0,509.0,1469.0,1199.0
1340,2,588.0,434.0,55.0,91.0
1341,1,1078.0,510.0,1477.0,1194.0
1341,2,585.0,436.0,57.0,94.0
1342,1,1081.0,510.0,1476.0,1195.0
1342,2,583.0,438.0,54.0,95.0
1343,1,1081.0,511.0,1470.0,1199.0
1343,2,580.0,442.0,58.0,96.0
1344,1,1084.0,510.0,1474.0,1199.0
1344,2,580.0,443.0,51.0,96.0
1345,1,1084.0,510.0,1469.0,1199.0
1345,2,579.0,445.0,51.0,99.0
1346,1,1084.0,510.0,1480.0,1194.0
1346,2,578.0,446.0,50.0,100.0
1347,1,1082.0,511.0,1481.0,1193.0
1347,2,577.0,445.0,57.0,102.0
1348,1,1082.0,511.0,1476.0,1194.0
1348,2,574.0,447.0,47.0,100.0
1349,1,1080.0,512.0,1468.0,1199.0
1349,2,574.0,447.0,48.0,100.0
1350,1,1081.0,511.0,1474.0,1194.0
1350,2,572.0,449.0,51.0,105.0
1351,1,1080.0,511.0,1467.0,1199.0
1351,2,573.0,448.0,53.0,103.0
1352,1,1079.0,511.0,1470.0,1199.0
1352,2,571.0,452.0,51.0,104.0
1353,1,1079.0,510.0,1467.0,1199.0
1353,2,571.0,452.0,51.0,104.0
1354,1,1079.0,510.0,1475.0,1195.0
1354,2,571.0,452.0,51.0,105.0
1355,1,1078.0,510.0,1465.0,1199.0
1355,2,570.0,452.0,52.0,105.0
1356,1,1079.0,509.0,1468.0,1199.0
1356,2,570.0,450.0,51.0,104.0
1357,1,1078.0,509.0,1479.0,1194.0
1357,2,568.0,451.0,50.0,105.0
1358,1,1080.0,507.0,1469.0,1199.0
1358,2,566.0,452.0,49.0,105.0
1359,1,1079.0,507.0,1468.0,1199.0
1359,2,566.0,450.0,50.0,105.0
1360,1,1080.0,506.0,1474.0,1194.0
1360,2,565.0,450.0,49.0,105.0
1361,1,1079.0,506.0,1481.0,1193.0
1361,2,564.0,451.0,47.0,103.0
1362,1,1078.0,506.0,1469.0,1199.0
1362,2,565.0,449.0,49.0,105.0
1363,1,1078.0,506.0,1476.0,1195.0
1363,2,565.0,450.0,49.0,105.0
1364,1,1076.0,507.0,1469.0,1199.0
1364,2,565.0,451.0,50.0,105.0
1365,1,1078.0,505.0,1473.0,1194.0
1365,2,565.0,451.0,47.0,104.0
1366,1,1078.0,505.0,1470.0,1199.0
1366,2,564.0,452.0,51.0,105.0
1367,1,1078.0,505.0,1476.0,1195.0
1367,2,562.0,454.0,50.0,106.0
1368,1,1080.0,504.0,1476.0,1195.0
1368,2,563.0,452.0,47.0,105.0
1369,1,1080.0,504.0,1469.0,1199.0
1369,2,562.0,452.0,48.0,105.0
1370,1,1082.0,503.0,1476.0,1194.0
1370,2,561.0,453.0,47.0,108.0
1371,1,1083.0,502.0,1482.0,1193.0
1371,2,560.0,454.0,46.0,106.0
1372,1,1083.0,502.0,1472.0,1199.0
1372,2,559.0,455.0,49.0,109.0
1373,1,1085.0,501.0,1486.0,1193.0
1373,2,560.0,453.0,46.0,110.0
1374,1,1087.0,500.0,1488.0,1194.0
1374,2,559.0,455.0,47.0,109.0
1375,1,1089.0,499.0,1480.0,1199.0
1375,2,559.0,456.0,46.0,108.0
1376,1,1088.0,500.0,1488.0,1193.0
1376,2,559.0,456.0,45.0,109.0
1377,1,1089.0,500.0,1496.0,1193.0
1377,2,560.0,454.0,49.0,109.0
1378,1,1089.0,501.0,1492.0,1193.0
1378,2,559.0,455.0,46.0,106.0
1379,1,1090.0,501.0,1481.0,1199.0
1379,2,559.0,454.0,48.0,111.0
1380,1,1089.0,503.0,1495.0,1193.0
1380,2,557.0,456.0,49.0,112.0
1381,1,1093.0,502.0,1491.0,1193.0
1381,2,559.0,453.0,47.0,111.0
1382,1,1092.0,504.0,1477.0,1199.0
1382,2,558.0,455.0,46.0,109.0
1383,1,1094.0,504.0,1492.0,1193.0
1383,2,559.0,455.0,48.0,111.0
1384,1,1095.0,505.0,1497.0,1193.0
1384,2,559.0,456.0,46.0,109.0
1385,1,1097.0,505.0,1495.0,1193.0
1385,2,559.0,456.0,47.0,111.0
1386,1,1101.0,504.0,1498.0,1194.0
1386,2,559.0,456.0,45.0,110.0
1387,1,1101.0,505.0,1501.0,1193.0
1387,2,559.0,457.0,46.0,110.0
1388,1,1101.0,506.0,1497.0,1194.0
1388,2,559.0,457.0,46.0,111.0
1389,1,1101.0,507.0,1496.0,1194.0
1389,2,558.0,458.0,47.0,113.0
1390,1,1102.0,507.0,1498.0,1195.0
1390,2,559.0,457.0,44.0,110.0
1391,1,1101.0,508.0,1497.0,1194.0
1391,2,559.0,458.0,45.0,113.0
1392,1,1102.0,508.0,1497.0,1194.0
1392,2,558.0,459.0,44.0,112.0
1393,1,1102.0,508.0,1489.0,1199.0
1393,2,559.0,458.0,45.0,110.0
1394,1,1101.0,509.0,1488.0,1199.0
1394,2,559.0,457.0,44.0,112.0
1395,1,1101.0,509.0,1486.0,1199.0
1395,2,558.0,459.0,44.0,112.0
1396,1,1101.0,509.0,1487.0,1199.0
1396,2,558.0,460.0,42.0,114.0
1397,1,1097.0,511.0,1484.0,1199.0
1397,2,557.0,461.0,44.0,115.0
1398,1,1094.0,513.0,1489.0,1193.0
1398,2,556.0,463.0,42.0,112.0
1399,1,1094.0,513.0,1477.0,1199.0
1399,2,556.0,463.0,43.0,115.0
1400,1,1093.0,514.0,1480.0,1199.0
1400,2,556.0,463.0,43.0,116.0
1401,1,1090.0,516.0,1477.0,1199.0
1401,2,557.0,461.0,41.0,115.0
1402,1,1090.0,516.0,1488.0,1194.0
1402,2,556.0,462.0,42.0,119.0
1403,1,1091.0,515.0,1480.0,1199.0
1403,2,556.0,461.0,43.0,115.0
1404,1,1088.0,517.0,1477.0,1199.0
1404,2,554.0,463.0,42.0,116.0
1405,1,1089.0,517.0,1486.0,1193.0
1405,2,555.0,461.0,42.0,115.0
1406,1,1088.0,518.0,1486.0,1193.0
1406,2,554.0,461.0,42.0,116.0
1407,1,1089.0,518.0,1481.0,1199.0
1407,2,553.0,463.0,41.0,117.0
1408,1,1087.0,520.0,1477.0,1199.0
1408,2,554.0,461.0,42.0,116.0
1409,1,1085.0,522.0,1485.0,1194.0
1409,2,554.0,461.0,43.0,118.0
1410,1,1087.0,522.0,1479.0,1193.0
1410,2,554.0,461.0,43.0,116.0
1411,1,1088.0,522.0,1484.0,1199.0
1411,2,554.0,461.0,43.0,117.0
